cell,fixture,providerFixtureId,discovery,market,selection,line,odds,probability,confidence,promotable,status,rationale
"sol61","RB Bragantino vs Mirassol","1492392","initial","h2h","home","","1.82","0.46","0.38","false","blocked","El contraste estacional de sedes favorece a Bragantino: 6 victorias locales en 13 frente a 8 derrotas visitantes de Mirassol en 13. Su reciente 1V/4E/5D reduce esa ventaja. La aproximación de goles descrita en metadata estima 0.46 para ganar en 90 minutos, por debajo del benchmark. Un empate o la mejora reciente de Mirassol frustraría la selección"
"sol61","RB Bragantino vs Mirassol","1492392","initial","double_chance","home_or_draw","","1.18","0.73","0.38","false","blocked","Bragantino evitó perder en 8/13 como local y Mirassol perdió 8/13 fuera; las sedes recientes, 2/4 y 3/5 sin derrota respectivamente, debilitan la extrapolación. Estimo 0.73 para victoria local o empate con el mismo escenario de goles. Protege el empate respecto a h2h, pero comparte su tesis y tiene edge negativo. Una victoria visitante es el escenario de fallo"
"sol61","RB Bragantino vs Mirassol","1492392","initial","goals_over_under","under","2.5","2.11","0.57","0.38","false","review-required","Los últimos diez de liga tuvieron como máximo dos goles en 7/10 de Bragantino y 5/10 de Mirassol. Las tasas estacionales de las sedes y la menor producción local reciente sustentan un escenario de 2.4 goles esperados, que estima 0.57 para cero, uno o dos goles. Tres goles o más, especialmente por cambios defensivos o un partido abierto, harían fallar la selección"
"sol61","RB Bragantino vs Mirassol","1492392","initial","goals_over_under","under","3.5","1.42","0.78","0.38","false","review-required","Alternativa conservadora al under 2.5: también gana con exactamente tres goles. Los antecedentes recientes quedaron debajo de 3.5 en 9/10 y 7/10; el escenario de 2.4 goles esperados estima 0.78, sin copiar esas frecuencias como pronóstico. Cuatro goles o más causarían la pérdida. Conserva el bloqueo de disponibilidad y está fuertemente solapada con el under 2.5"
"sol61","RB Bragantino vs Mirassol","1492392","initial","corners_over_under","over","10.5","1.83","0.58","0.52","false","review-required","La línea exige al menos 11 corners FT: ocurrió en 5/8 partidos de Bragantino y 4/7 de Mirassol, con 5/6 en las sedes objetivo. Estimo 0.58 como juicio conservador, reduciendo el 9/15 general por dispersión y escasa muestra; las sedes aportan contexto, no observaciones adicionales. Un ritmo bajo o un total de diez o menos haría fallar la selección. El mercado tiene aprobación factual explícita y la cuota no está marcada como de baja liquidez"
"sol61","RB Bragantino vs Mirassol","1492392","initial","btts","no","","2.05","0.52","0.35","false","review-required","Mirassol no marcó en 5/13 salidas y Bragantino mantuvo cinco vallas invictas en 13 partidos locales. El escenario de goles estima 0.52 para que al menos uno termine sin marcar. Contraevidencia: BTTS reciente de 6/10 y 8/10, con 4/5 en las salidas recientes de Mirassol. Si ambos convierten, la selección pierde; comparte parcialmente el escenario de pocos goles"
"sol61","Internacional vs Corinthians","1492395","initial","h2h","draw","","3.29","0.35","0.52","false","review-required","Inter empató 5/14 partidos locales de temporada y Corinthians 5/13 visitas; recientemente, 3/5 y 1/4 en esas sedes. Estimo 35% para el empate a 90 minutos, moderando esas frecuencias por el ligero desequilibrio ofensivo y la incertidumbre actual. Falla si cualquiera convierte una ventaja pequeña en victoria; el técnico nuevo y el retorno de Yuri Alberto pueden alterar el equilibrio"
"sol61","Internacional vs Corinthians","1492395","initial","double_chance","draw_or_away","","1.67","0.65","0.56","false","review-required","Inter ganó sólo 3/14 partidos locales y ninguno de sus cinco locales recientes; Corinthians evitó perder en 8/13 visitas de temporada. Estimo 65% para X2, coherente con 35% empate y 30% victoria visitante, reduciendo el peso histórico por las seis derrotas ligueras consecutivas del visitante. Falla con victoria del Inter. Protege la tesis del empate e incluye victoria visitante; comparte exposición con el h2h seleccionado"
"sol61","Internacional vs Corinthians","1492395","initial","goals_over_under","over","2.5","2.17","0.45","0.52","false","review-required","Over 2.5 ocurrió en 4/10 y 6/10 encuentros ligueros recientes. Una referencia Poisson independiente con tasas por sede implica aproximadamente 40% para tres o más goles; combinarla por mitades con el 50% descriptivo reciente da aproximadamente 45%. Falla con cero, uno o dos goles; la baja de Sanabria puede contener el ataque y Yuri Alberto vuelve con minutos limitados"
"sol61","Internacional vs Corinthians","1492395","initial","goals_over_under","under","3.5","1.25","0.82","0.58","false","review-required","Alternativa conservadora: under 3.5 ocurrió en 8/10 partidos del Inter y 9/10 del Corinthians. La referencia por sede produce aproximadamente 80% para hasta tres goles; combinada por mitades con el 85% reciente, sustenta una estimación redondeada conservadoramente a 82%. Falla con cuatro o más goles, escenario observado en ambos historiales y susceptible a cambios defensivos. Comparte el total de goles con over 2.5; ambas selecciones ganan únicamente juntas con exactamente tres goles"
"sol61","Internacional vs Corinthians","1492395","initial","corners_over_under","over","8.5","1.52","","0","false","blocked","Los totales FT pertinentes fueron 9/11/9 para Inter local y 18/20 para Corinthians visitante: los cinco superaron 8.5. Esa observación registra dirección, pero no permite extrapolar una probabilidad defendible por la muestra mínima y la distinta oposición. Falla con ocho córners o menos; un cambio táctico puede modificar sustancialmente el volumen"
"sol61","Internacional vs Corinthians","1492395","initial","btts","yes","","1.91","0.53","0.51","false","review-required","BTTS ocurrió en 6/10 partidos recientes de cada equipo, con 4/5 y 3/4 en las sedes pertinentes. La referencia Poisson por sede produce aproximadamente 47%; combinarla por mitades con el 60% reciente sustenta aproximadamente 53%. Los splits recientes corroboran dirección sin contarse como muestra adicional. Falla si cualquiera queda sin marcar: Inter registró 4/14 locales sin gol y Corinthians 2/13 visitas; Sanabria ausente contrapesa el retorno limitado de Yuri Alberto"
"sol61","Remo vs Gremio","1492397","initial","h2h","home","","2.39","0.493","0.55","false","review-required","Grêmio registra 0V/4E/10D fuera y cinco derrotas en sus últimas cinco salidas de liga. La aproximación de goles descrita en metadata estima 49.3% para victoria de Remo a 90 minutos. El contrapeso es Remo: solo 3/14 victorias locales y 1/5 recientemente. El escenario de fallo es que sus bajas y mala forma permitan un empate o una recuperación visitante"
"sol61","Remo vs Gremio","1492397","initial","double_chance","home_or_draw","","1.33","0.749","0.53","false","review-required","La combinación victoria local o empate alcanza aproximadamente 74.9% bajo la misma distribución del candidato h2h. Grêmio no ganó ninguna de sus 14 salidas, pero Remo evitó perder solo 8/14 veces en casa y 2/5 recientemente. Comparte la tesis direccional de la victoria local y no aporta diversificación independiente. Falla con cualquier victoria visitante; el precio impide promoverla como alternativa conservadora"
"sol61","Remo vs Gremio","1492397","initial","goals_over_under","under","2.5","1.93","0.53","0.52","false","review-required","Las tasas de temporada por sede producen una expectativa combinada de 2.393 goles; al incorporar los cinco partidos recientes por sede, la aproximación sube a 2.556 y estima 53.0% para cero, uno o dos goles. El ataque visitante de Grêmio, 0.571 goles por salida, y la suspensión de Poveda apoyan la lectura. Sin embargo, ambos equipos superaron 2.5 en 3/5 partidos recientes de la sede pertinente: tres goles o un partido abierto por las bajas defensivas hacen fallar la selección"
"sol61","Remo vs Gremio","1492397","initial","goals_over_under","under","3.5","1.36","0.746","0.56","false","review-required","Alternativa conservadora que también admite exactamente tres goles. Cada equipo tuvo ocho de sus últimos diez partidos de liga con tres goles o menos; esa frecuencia es descriptiva. La aproximación común estima 74.6%, con ventaja positiva frente al benchmark y retorno esperado aproximado de 1.46% al precio ofrecido. Falla con cuatro o más goles, especialmente si las modificaciones defensivas aumentan la dispersión"
"sol61","Remo vs Gremio","1492397","initial","corners_over_under","under","10.5","1.98","","0","false","blocked","La línea gana con diez córners o menos y pierde desde once, sin devolución. Los ocho partidos únicos se dividen en cuatro por debajo y cuatro por encima de 10.5, con totales entre 6 y 16. Esa muestra describe resultados, pero no sostiene una probabilidad del encuentro. El escenario de fallo es repetir los partidos de 13 a 16 córners"
"sol61","Remo vs Gremio","1492397","initial","btts","no","","2.05","0.498","0.46","false","review-required","Grêmio no marcó en 7/14 salidas y promedia 0.571 goles fuera; la suspensión de Poveda también puede limitar a Remo. Con las expectativas ajustadas por forma reciente, la aproximación estima 49.8% de que al menos uno quede sin marcar, incluyendo el 0–0. El contrapeso es BTTS sí en 7/10 partidos recientes de Remo y 6/10 de Grêmio. Falla si las bajas defensivas permiten que ambos conviertan"
"sol61","Vitoria vs Chapecoense-sc","1492399","initial","h2h","home","","1.68","","0","false","blocked","Vitória ganó 9/14 partidos de temporada como local y Chapecoense perdió 9/14 como visitante, antecedentes pertinentes a una victoria local en tiempo reglamentario. Sin embargo, Vitória ganó apenas 2/5 encuentros recientes en casa y Chapecoense evitó perder en 3/6 salidas recientes. El candidato falla con empate o triunfo visitante. Las posibles recuperaciones y bajas afectan materialmente esta comparación; se conserva sin estimación ni edge"
"sol61","Vitoria vs Chapecoense-sc","1492399","initial","double_chance","home_or_draw","","1.17","","0","false","blocked","El empate queda cubierto por esta selección: Vitória evitó perder en 10/14 partidos de temporada como local, pero sólo en 2/5 recientes. Chapecoense ganó 1/14 salidas de temporada y 1/6 recientes; un nuevo triunfo visitante sería el escenario de fallo. Es una protección de la misma tesis direccional que la victoria local, no diversificación independiente. La incertidumbre material sobre disponibilidad impide asignarle una probabilidad defendible"
"sol61","Vitoria vs Chapecoense-sc","1492399","initial","goals_over_under","under","3.5","1.36","","0","false","blocked","Under 3.5 gana con cero a tres goles reglamentarios y pierde con cuatro o más, sin devolución. Las distribuciones suministradas registran ese resultado en 7/10 partidos recientes de Vitória y 6/10 de Chapecoense. Las tasas de temporada en las sedes pertinentes son 1.3/0.9 y 0.8/1.7, pero los registros recientes de over 2.5 divergen: 2/5 y 5/6. Un partido abierto con cuatro goles es el fallo principal; las recuperaciones defensivas y ofensivas no resueltas impiden convertir estos antecedentes en una estimación"
"sol61","Vitoria vs Chapecoense-sc","1492399","initial","corners_over_under","over","9.5","1.68","","0","false","blocked","Over 9.5 requiere al menos diez corners FT y no admite devolución. Los cuatro partidos de Vitória local tuvieron totales 10, 7, 14 y 12; los tres de Chapecoense visitante, 12, 12 y 11. Seis de siete superaron la línea, pero la muestra visitante omite un partido sin datos y no permite extrapolar esa frecuencia. Un desarrollo con nueve corners o menos es el fallo principal. La incertidumbre material sobre laterales y atacantes mantiene la probabilidad sin estimar"
"sol61","Vitoria vs Chapecoense-sc","1492399","initial","btts","no","","1.95","","0","false","blocked","BTTS no requiere que al menos un equipo termine sin marcar en tiempo reglamentario. Vitória registra nueve porterías a cero en 14 partidos locales y Chapecoense cinco partidos sin marcar en 14 salidas. La contraevidencia es fuerte: BTTS ocurrió en 1/5 encuentros recientes de Vitória local y 5/6 de Chapecoense visitante. Que ambos marquen es el fallo principal. El conflicto material sobre recuperaciones ofensivas y defensivas impide resolver estas señales con una probabilidad defendible"
"sol61","Botafogo vs Vasco DA Gama","1492391","initial","h2h","home","","2.7","0.48","0.4","false","review-required","Botafogo registra 5V/6E/3D como local y Vasco 1V/5E/7D fuera. La aproximación de goles detallada en metadata estima 0.48 para victoria local a 90 minutos. Los cuatro empates de Botafogo en seis locales recientes y la mejoría liguera y copera de Vasco son contraevidencia: empate o continuidad de esa mejoría hacen fallar la selección"
"sol61","Botafogo vs Vasco DA Gama","1492391","initial","double_chance","home_or_draw","","1.5","0.74","0.4","false","review-required","Botafogo evitó perder en 11/14 locales de temporada y 5/6 recientes; Vasco ganó 1/13 salidas. La aproximación conjunta estima 0.74 para local o empate, sin copiar esas frecuencias. Protege el empate y comparte la tesis de la victoria local: no aporta diversificación independiente. Falla si Vasco convierte su mejoría reciente en victoria visitante"
"sol61","Botafogo vs Vasco DA Gama","1492391","initial","goals_over_under","under","2.5","2.06","0.53","0.4","false","review-required","Hubo como máximo dos goles en 4/6 locales recientes de Botafogo y 3/5 salidas de Vasco. Al combinar producción de temporada y reciente, la aproximación de total 2.561 estima 0.53 para 0–2 goles, sin push en 2.5. Falla con tres o más; los totales recientes de cinco goles y las tasas superiores de temporada muestran ese riesgo"
"sol61","Botafogo vs Vasco DA Gama","1492391","initial","goals_over_under","under","3.5","1.41","0.74","0.4","false","review-required","Alternativa conservadora al under 2.5: también gana con exactamente tres goles. El under 3.5 ocurrió en 4/6 locales recientes de Botafogo y 4/5 salidas de Vasco; la aproximación que incorpora temporada estima 0.74 para 0–3 goles. Falla con cuatro o más, un riesgo visible en los partidos recientes de cinco goles"
"sol61","Botafogo vs Vasco DA Gama","1492391","initial","corners_over_under","over","11.5","2.49","0.485714","0.3","false","review-required","Para ganar se necesitan al menos doce corners FT: ocurrió en 3/5 locales de Botafogo y 1/3 salidas de Vasco, con totales ganadores de 12–15. El suavizado neutral por sede y su mezcla equiponderada estiman 0.485714 bajo intercambiabilidad provisional. Falla con once o menos; cuatro de los ocho encuentros tuvieron sólo 6–8 corners"
"sol61","Botafogo vs Vasco DA Gama","1492391","initial","btts","no","","2.2","0.49","0.35","false","review-required","BTTS ocurrió en 4/6 locales recientes de Botafogo, pero sólo 2/5 salidas de Vasco. Las tasas combinadas estiman 0.49 para que al menos un equipo termine sin marcar, incluido el 0–0; no se deduce BTTS exacto de las vallas invictas de temporada. Falla si ambos marcan, respaldado como contraescenario por el recorte local de Botafogo"
"sol61","Jordan W vs Armenia W","1638733","initial","h2h","home","","1.53","","0","false","blocked","Jordania ganó 4–3 y 1–0 sus dos amistosos locales disponibles de junio, con corroboración web parcial. Son antecedentes de victoria a 90 minutos, pero no establecen superioridad frente a Armenia ni una probabilidad defendible. El candidato pierde con empate o derrota; la fecha contradictoria impide verificar además su condición prepartido"
"sol61","Jordan W vs Armenia W","1638733","initial","double_chance","home_or_draw","","1.17","","0","false","blocked","Jordania permaneció invicta en los dos antecedentes locales disponibles, por lo que 1X ocurrió 2/2; esa frecuencia no pronostica este cruce. La selección cubre victoria o empate y falla si gana Armenia. Comparte la tesis direccional de la victoria local, por lo que no aporta diversificación independiente ni puede presentarse como alternativa de alta probabilidad verificada"
"sol61","Jordan W vs Armenia W","1638733","initial","goals_over_under","under","3.5","1.39","","0","false","blocked","Los antecedentes locales terminaron con 1 y 7 goles: under 3.5 ganó uno y perdió otro, sin pushes. Esta línea permite hasta tres goles y pierde con cuatro o más; el 4–3 ilustra ese escenario de fallo. La dispersión, la ausencia de datos de Armenia y el conflicto de fecha impiden transformar esos antecedentes en una estimación para este encuentro"
"sol61","Mladá Boleslav II vs Varnsdorf","1562767","initial","h2h","home","","1.95","","0","false","blocked","Mladá's independently corroborated 5/1/2 league record supports examining a home win, but its home record is only 2/0/2; Varnsdorf is 1/1/1 away. These small, opponent-dependent samples do not establish the forecast while current Varnsdorf availability remains materially unresolved. A draw or away win defeats this selection."
"sol61","Mladá Boleslav II vs Varnsdorf","1562767","initial","double_chance","home_or_draw","","1.3","","0","false","blocked","Home-or-draw protects the home-win thesis against a draw, but Mladá avoided defeat in only 2/4 home matches despite 6/8 overall. Varnsdorf's away record includes one win in three matches, the failure scenario for this selection. Unresolved availability prevents a defensible estimate; this overlaps the home-win candidate and is not independent diversification."
"sol61","Mladá Boleslav II vs Varnsdorf","1562767","initial","goals_over_under","over","2.5","1.57","","0","false","blocked","Over 2.5 requires at least three regulation goals. Mladá's four home totals [7,3,5,3] and Varnsdorf's three away totals [4,3,8] all satisfy it, but overall frequencies are 7/8 and 4/7 and must temper extrapolation. Two or fewer goals defeats the selection. Unresolved squad availability materially limits translating these descriptive histories into a forecast."
"sol61","Gnistan vs Inter Turku","1638101","initial","h2h","away","","1.94","","0","false","blocked","Inter ganó 7/13 visitas de temporada y 3/6 recientes; Gnistan ganó 1/5 locales recientes. Esto permite conservar la victoria visitante como candidato, pero Gnistan lleva siete encuentros invicto y ganó ambos cruces ligueros de 2026. Un empate o triunfo local hace fallar la selección. La disponibilidad desconocida de Inter impide estimar su probabilidad para este partido"
"sol61","Gnistan vs Inter Turku","1638101","initial","double_chance","draw_or_away","","1.2","","0","false","blocked","Inter no perdió 11/13 visitas de temporada ni 5/6 recientes. X2 cubre el empate que hace fallar la victoria visitante, pero comparte su misma tesis direccional y no aporta diversificación independiente. Falla si gana Gnistan, que no perdió 4/5 locales recientes. El vacío actual del plantel de Inter impide convertir esos conteos en una estimación"
"sol61","Gnistan vs Inter Turku","1638101","initial","goals_over_under","under","2.5","2.09","","0","false","blocked","Hubo como máximo dos goles en 4/5 locales recientes de Gnistan y 4/6 visitas recientes de Inter; Inter acumuló 9–6 goles en diez partidos ligueros. Under 2.5 gana con cero, uno o dos goles y falla desde tres. Contrapeso: Gnistan registra 23–19 goles en trece locales de temporada. La continuidad actual del ataque y defensa de Inter no está verificada, por lo que no se estima probabilidad"
"sol61","Gnistan vs Inter Turku","1638101","initial","goals_over_under","under","3.5","1.42","","0","false","blocked","Los diez recientes tuvieron como máximo tres goles en 7/10 de Gnistan y 9/10 de Inter. Under 3.5 tolera exactamente tres goles, a diferencia de under 2.5, y falla desde cuatro sin push. Es una alternativa de menor exigencia dentro de la misma tesis de goles, pero esas frecuencias no son su pronóstico y la disponibilidad desconocida de Inter impide estimar probabilidad o edge"
"sol61","Gnistan vs Inter Turku","1638101","initial","corners_over_under","under","9.5","1.91","","0","false","blocked","Inter tuvo totales ligueros observados de 5, 7 y 6 corners, compatibles con under 9.5, que gana hasta nueve y falla desde diez. Sin embargo, los dos locales observados de Gnistan tuvieron once cada uno. La escasez y contradicción de estas muestras impiden una estimación defendible"
"sol61","Gnistan vs Inter Turku","1638101","initial","btts","no","","2.1","","0","false","blocked","Inter mantuvo seis porterías a cero en trece visitas de temporada y siete en diez ligueros recientes; BTTS ocurrió en sólo 2/6 visitas recientes. BTTS no gana si al menos un equipo no marca, pero falla si ambos anotan: ocurrió en 4/5 locales recientes de Gnistan. Estas señales contrapuestas y el vacío actual de Inter impiden estimar la probabilidad"
"sol61","Forge vs Pacific FC","1517309","expansion","h2h","home","","1.25","0.65","0.6","false","blocked","Forge ganó 8/12 locales y Pacific perdió 6/12 visitas; los seis cruces ganados sin recibir goles refuerzan la dirección local. Estimo 65%, moderando esos antecedentes por los empates recientes, las ventajas desperdiciadas y las bajas de Bertaud y Babouli. El empate es el principal escenario de fallo; la cuota no ofrece ventaja frente al benchmark."
"sol61","Forge vs Pacific FC","1517309","expansion","h2h","draw","","6.04","0.23","0.52","false","review-required","Forge empató 3/12 locales de temporada y 2/6 recientes; Pacific empató 5/12 visitas y 3/6 recientes. Estimo 23%, por debajo de las frecuencias visitantes porque Forge conserva superioridad de temporada y seis victorias consecutivas en el cruce. Falla si esa superioridad vuelve a traducirse en victoria local."
"sol61","Forge vs Pacific FC","1517309","expansion","double_chance","draw_or_away","","3.4","0.35","0.54","false","review-required","Pacific evitó perder en 6/12 visitas de temporada y 4/6 recientes; Forge ganó sólo 3/6 locales recientes y desperdició ventajas en sus últimos tres partidos. Estimo 35% para empate o victoria visitante, consistente con 65% de victoria local y descontando la superioridad histórica de Forge. Cualquier victoria de Forge hace fallar esta selección."
"sol61","Forge vs Pacific FC","1517309","expansion","goals_over_under","under","2.5","2.75","0.48","0.59","false","review-required","La línea gana con cero, uno o dos goles: hubo 11/19 partidos recientes únicos en ese rango y 5/11 en las sedes pertinentes, descontando el cruce compartido. Estimo 48%, contrastando esas distribuciones con las tasas de temporada y la defensa visitante de Pacific. Tres goles bastan para perder; las goleadas recientes y la ausencia de Bertaud sostienen ese riesgo."
"sol61","Forge vs Pacific FC","1517309","expansion","goals_over_under","under","3.5","1.81","0.64","0.59","false","review-required","Alternativa más conservadora al under 2.5: también gana con exactamente tres goles y no tiene devolución. Los registros recientes únicos muestran 13/19 totales de hasta tres, aunque sólo 6/11 en las sedes pertinentes. Estimo 64% al contrastar ambos cortes con las tasas de temporada. Cuatro o más goles hacen fallar la selección, un riesgo visible en Pacific."
"sol61","Forge vs Pacific FC","1517309","expansion","btts","no","","1.83","0.55","0.5","false","review-required","Forge mantuvo su arco en cero en 7/12 locales y Pacific no marcó en 4/12 visitas; la previa registra seis cruces seguidos sin gol de Pacific. Estimo un moderado 55% de que al menos uno no marque, reduciendo el peso de esos antecedentes por BTTS en 3/6 partidos recientes de cada sede, los tres goles recibidos por Forge y la baja de Bertaud. Falla si ambos convierten."
"sol61","Forge vs Pacific FC","1517309","expansion","corners_over_under","under","9.5","1.73","0.6","0.28","false","review-required","Under 9.5 exige como máximo nueve corners: ocurrió en 4/4 locales de Forge y 2/5 visitas de Pacific. La estimación exploratoria de 60% da igual peso a las sedes y suaviza cada frecuencia con dos observaciones hipotéticas por lado, sin incorporarlas como evidencia. Falla con diez o más, observado en 3/5 visitas de Pacific. Los límites de cobertura y liquidez impiden promoverla."
"sol61","York United vs Supra du Quebec","1517361","expansion","h2h","home","","2.45","","0","false","blocked","York ganó 5/12 partidos locales y 3/6 locales recientes; Supra perdió 6/12 como visitante y 3/5 visitantes recientes. Es soporte descriptivo para victoria local a 90 minutos, sin establecer un ganador. Un empate o la capacidad ofensiva de Supra frustraría la selección; el conflicto defensivo impide estimar su probabilidad actual"
"sol61","York United vs Supra du Quebec","1517361","expansion","double_chance","home_or_draw","","1.57","","0","false","blocked","York evitó perder en 8/12 locales de temporada y 5/6 locales recientes; el cruce anterior en esta sede terminó 1-1. La selección cubre victoria local o empate y falla únicamente con victoria de Supra. Comparte la tesis direccional de h2h local; no constituye diversificación independiente"
"sol61","York United vs Supra du Quebec","1517361","expansion","goals_over_under","over","2.5","1.45","","0","false","blocked","Over 2.5 exige al menos tres goles a 90 minutos, sin devolución. York registró 8/10 overs recientes y Supra 5/10; las muestras recientes por sede promediaron cinco y cuatro goles totales. Un partido de dos goles o menos es el fallo principal. La heterogeneidad de rivales y el conflicto defensivo impiden convertir estos datos en una estimación actual"
"sol61","York United vs Supra du Quebec","1517361","expansion","goals_over_under","over","1.5","1.12","","0","false","blocked","Alternativa de menor exigencia: necesita dos goles a 90 minutos. York superó 1.5 en 10/10 partidos recientes y Supra en 9/10, pero esas frecuencias no establecen la probabilidad del encuentro. Un 0-0, 1-0 o 0-1 la haría fallar. Se conserva únicamente como candidato bloqueado, sin atribuir ventaja a su cuota corta"
"sol61","York United vs Supra du Quebec","1517361","expansion","corners_over_under","under","9.5","2","","0","false","blocked","Under 9.5 gana con nueve córners o menos. Ocurrió en 2/6 locales de York y 3/5 visitantes de Supra; deduplicando el cruce compartido, son cinco unders en diez encuentros únicos. Las medias 9.83 y 9.60 están próximas al corte y no establecen ventaja. Diez o más córners, por presión territorial o un equipo persiguiendo el marcador, hacen fallar la selección"
"sol61","York United vs Supra du Quebec","1517361","expansion","btts","yes","","1.44","","0","false","blocked","BTTS sí requiere que ambos equipos marquen a 90 minutos. York tuvo BTTS en 11/12 locales de temporada y 6/6 locales recientes; Supra en 3/5 visitantes recientes. La contraevidencia es material: los cuatro últimos partidos ligueros de Supra terminaron sin BTTS. Una valla invicta de cualquiera hace fallar la selección; no se extrapola el patrón de York al fixture"
"sol61","America Mineiro vs Fortaleza EC","1520910","expansion","h2h","away","","1.85","0.438","0.38","false","blocked","Fortaleza llega invicto en diez partidos y con 3V/1E en cuatro visitas recientes, pero ganó solamente 5/15 visitas de temporada. La estimación basal combina tasas de goles por sede de temporada y recientes bajo independencia Poisson; no ajusta por bajas disputadas. Una victoria visitante exige superar el riesgo de empate, principal escenario de fallo junto con una recuperación local"
"sol61","America Mineiro vs Fortaleza EC","1520910","expansion","double_chance","draw_or_away","","1.2","0.748","0.38","false","blocked","Fortaleza evitó perder en 10/15 visitas de temporada y 4/4 recientes; América perdió 9/15 encuentros locales. El cálculo basal suma empate y victoria visitante, sin convertir esas frecuencias directamente en pronóstico. X2 protege el empate y comparte la tesis direccional de la victoria visitante; falla si gana América y no ofrece ventaja positiva"
"sol61","America Mineiro vs Fortaleza EC","1520910","expansion","goals_over_under","under","2.5","1.81","0.7","0.42","false","review-required","Los totales de temporada por sede promedian 2.20 para América local y 1.60 para Fortaleza visitante; recientemente hubo menos de tres goles en 3/5 y 3/4 encuentros pertinentes. Con intensidad basal total de 1.9125, el supuesto Poisson estima aproximadamente 70% para cero, uno o dos goles. Un gol temprano que abra el partido o una producción ofensiva superior a esas tasas hace fallar la línea"
"sol61","America Mineiro vs Fortaleza EC","1520910","expansion","goals_over_under","under","3.5","1.28","0.873","0.42","false","review-required","Alternativa conservadora al under 2.5: admite tres goles y gana con un total de cero a tres. Los últimos diez registraron under 3.5 en 8/10 encuentros de América y 9/10 de Fortaleza; la estimación usa las mismas tasas por sede, no esas frecuencias como forecast directo. Falla con cuatro o más goles, especialmente si expulsiones o errores generan un partido abierto"
"sol61","America Mineiro vs Fortaleza EC","1520910","expansion","corners_over_under","under","10.5","1.73","0.615","0.52","false","review-required","Seis de nueve encuentros únicos por sede terminaron con diez córners o menos: 3/5 de América local y 3/4 de Fortaleza visitante. Regularizar esos conteos con dos pseudocasos por lado reduce 6/9 a 8/13, aproximadamente 61.5%; es un supuesto de estimación, no calibración. Under 10.5 gana incluso con diez, sin devolución. Falla si se reproduce la cola de 14–15 córners, observada tres veces"
"sol61","America Mineiro vs Fortaleza EC","1520910","expansion","btts","no","","1.83","0.633","0.4","false","review-required","BTTS sí apareció en 2/5 locales recientes de América y 1/4 visitas recientes de Fortaleza; este último registró siete porterías a cero y seis visitas sin marcar en quince. Las intensidades basales por equipo estiman aproximadamente 63.3% de que alguno no marque, incluyendo 0–0. Falla si ambos convierten; un gol temprano puede aumentar esa dependencia y debilitar el supuesto de independencia"
"sol61","Avai vs Londrina","1520911","expansion","h2h","away","","3.73","0.32","0.51","false","review-required","Avaí perdió 6/15 como local y lleva siete sin ganar; las suspensiones de Penha y Vizeu debilitan su ataque. Londrina sólo ganó 3/15 fuera y llega con tres derrotas, por lo que no se presupone superioridad visitante. Una aproximación de goles con intensidades asumidas de 1,10 para Avaí y 1,00 para Londrina sostiene aproximadamente 0,32 para victoria visitante a 90 minutos. El principal fallo sería que los reemplazos locales rindan mejor de lo supuesto o que Londrina repita su baja eficacia fuera"
"sol61","Avai vs Londrina","1520911","expansion","double_chance","draw_or_away","","1.67","0.62","0.52","false","review-required","Avaí ganó 5/15 como local y 1/4 en su ventana reciente de local; pierde además a Penha y Vizeu. El escenario de resultado asigna aproximadamente 0,32 a Londrina y 0,30 al empate: X2 cubre ambos a 90 minutos. Londrina perdió 10/15 fuera, contraevidencia relevante. Es protección de la misma tesis visitante del h2h, no diversificación independiente; falla con cualquier victoria de Avaí"
"sol61","Avai vs Londrina","1520911","expansion","goals_over_under","under","2.5","1.65","0.65","0.56","false","review-required","Avaí registra 15:15 goles en 15 partidos de local; Londrina, 16:25 en 15 salidas. Las bajas ofensivas locales y los dos partidos consecutivos sin marcar de ambos sostienen un escenario de 2,10 goles esperados, que aproxima en 0,65 la probabilidad de cero, uno o dos goles. La frecuencia reciente de under 2,5 es sólo 9/20 y constituye contraevidencia: el pronóstico depende del ajuste ofensivo asumido. Falla con tres o más goles; el 6–0 de Londrina muestra riesgo de cola"
"sol61","Avai vs Londrina","1520911","expansion","goals_over_under","under","3.5","1.23","0.84","0.61","false","review-required","Alternativa conservadora que admite hasta tres goles, incluidos los nueve resultados recientes con exactamente tres entre las dos ventanas. Under 3,5 ocurrió en 18/20, pero esa frecuencia no se adopta como pronóstico: el escenario asumido de 2,10 goles aproxima 0,84. Las tasas por sede y las suspensiones ofensivas respaldan la dirección. Comparte tesis con under 2,5; falla con cuatro o más goles, como el 1–3 de Avaí o el 6–0 de Londrina"
"sol61","Avai vs Londrina","1520911","expansion","corners_over_under","under","10.5","1.73","0.64","0.43","false","review-required","En las sedes relevantes hubo diez córners o menos en 5/8 partidos: Avaí local 2/4 y Londrina visitante 3/4. Sus medias totales fueron 11,25 y 9,00; el historial completo de veinte partidos favorece más el under que estos splits. Se estima prudentemente 0,64, dando prioridad a las sedes y reduciendo la lectura favorable del conjunto; no es una frecuencia calibrada. La línea 10,5 tiene liquidación binaria y falla con once o más, riesgo visible en los dos totales de catorce de Avaí local"
"sol61","Avai vs Londrina","1520911","expansion","btts","no","","1.83","0.58","0.54","false","review-required","Ambos equipos quedaron sin marcar en sus dos últimos partidos; Avaí no anotó en 6/15 de local y Londrina en 6/15 fuera. Penha y Vizeu están suspendidos. Con intensidades asumidas de 1,10/1,00 e independencia aproximada, la probabilidad de que al menos uno no marque ronda 0,58. Contrapesan BTTS en 5/10 recientes de cada equipo, 9/15 salidas de Londrina y ninguna portería visitante a cero. Falla cuando ambos anotan, incluso en un partido de sólo dos goles"
"sol61","CRB vs Atletico Goianiense","1520913","expansion","h2h","home","","1.95","0.46","0.3","false","blocked","Estimación exploratoria redondeada mediante goles Poisson independientes: tasas esperadas CRB 1.40 y Atlético 1.00, promediando ataque y defensa estacionales de las sedes pertinentes. CRB ganó 8/15 locales y sus cinco locales recientes terminaron 4V/1E; Atlético perdió solo 4/15 salidas y presenta mejor balance global reciente. El empate o la defensa visitante frustran la victoria local. La disponibilidad contradictoria limita la estimación y la ventaja frente al benchmark es negativa"
"sol61","CRB vs Atletico Goianiense","1520913","expansion","double_chance","home_or_draw","","1.28","0.73","0.3","false","blocked","El mismo supuesto Poisson de tasas 1.40/1.00 estima aproximadamente 73% para evitar una victoria visitante. CRB no perdió 11/15 locales y 5/5 recientes; Atlético ganó 5/15 salidas y 2/5 recientes. El empate queda cubierto, pero una victoria de Atlético hace fallar esta selección. Comparte la tesis local del h2h y no aporta diversificación independiente; el benchmark supera la estimación"
"sol61","CRB vs Atletico Goianiense","1520913","expansion","goals_over_under","under","2.5","1.86","0.57","0.34","false","review-required","Promediar ataque y defensa estacionales pertinentes produce un total esperado exploratorio de 2.40 goles. Bajo Poisson, P(total ≤2) es aproximadamente 57%; esta línea gana con cero, uno o dos goles y pierde desde tres. Los recientes contrastan: under 2.5 en 1/5 locales CRB y 4/5 salidas Atlético, por lo que no se extrapola una frecuencia única. Tres goles, como en tres de los cinco locales CRB, son el principal escenario de fallo"
"sol61","CRB vs Atletico Goianiense","1520913","expansion","goals_over_under","under","3.5","1.31","0.78","0.34","false","review-required","Alternativa conservadora al under 2.5: admite también tres goles, sin devolución. El supuesto Poisson con total esperado 2.40 estima P(total ≤3) cercana a 78%; descriptivamente, hubo under 3.5 en 4/5 partidos de cada sede pertinente. Cuatro o más goles hacen fallar la selección y ocurrieron una vez en cada grupo. Ambas selecciones de goles están anidadas y fuertemente relacionadas"
"sol61","CRB vs Atletico Goianiense","1520913","expansion","corners_over_under","over","10.5","2","0.57","0.45","false","review-required","La línea necesita al menos once córners: ocurrió en 2/5 locales CRB y 4/5 salidas Atlético, con medias totales 10.4 y 11.4. Como estimación exploratoria, asumir comparabilidad de estos diez encuentros y suavizar 6/10 con un prior neutral Beta(2,2) produce 8/14, redondeado a 57%. No se copia la frecuencia como pronóstico. Un partido con diez o menos córners hace fallar la selección; la divergencia entre sedes es la principal contraevidencia"
"sol61","CRB vs Atletico Goianiense","1520913","expansion","btts","no","","1.91","0.524","0.32","false","review-required","Con tasas exploratorias 1.40/1.00 y goles independientes, P(al menos un equipo sin marcar)=exp(-1.40)+exp(-1.00)-exp(-2.40), aproximadamente 52.4%. BTTS no ocurrió en 2/5 locales CRB y 4/5 salidas Atlético, evidencia dispar que limita la inferencia. No se deduce BTTS estacional de marginales de porterías a cero. Un gol de cada equipo hace fallar la selección; las posibles bajas defensivas aumentan esa incertidumbre"
"sol61","Operario-PR vs Botafogo SP","1520916","expansion","h2h","home","","1.91","0.44","0.53","false","blocked","Operario ganó 7/15 como local y Botafogo perdió 7/15 fuera, pero los últimos cuatro locales de Operario incluyen sólo una victoria. Una aproximación de goles independientes basada en los splits estacionales sitúa la victoria local cerca de 0.44, por debajo del benchmark. Las ausencias ofensivas locales y defensivas visitantes tienen efectos contrapuestos sin magnitud establecida. El principal riesgo es un empate por escasa producción ofensiva"
"sol61","Operario-PR vs Botafogo SP","1520916","expansion","double_chance","home_or_draw","","1.28","0.73","0.55","false","blocked","Operario no perdió 12/15 en casa y Botafogo no ganó 12/15 fuera; ambos registros recientes relevantes son 3/4. Esas frecuencias apoyan la protección, pero no equivalen al pronóstico: la misma aproximación de goles usada para h2h produce aproximadamente 0.73 para 1X. Comparte la tesis direccional de la victoria local y no constituye diversificación independiente. Falla si Botafogo aprovecha las bajas locales y gana"
"sol61","Operario-PR vs Botafogo SP","1520916","expansion","goals_over_under","under","2.5","1.72","0.64","0.58","false","review-required","Botafogo anotó 0.6 goles por salida y recibió 1.0; Operario marcó 1.467 y recibió 1.2 por localía. Promediar ataque y defensa correspondiente da intensidades exploratorias de 1.233 y 0.900: una distribución Poisson total de 2.133 sitúa los 0–2 goles cerca de 0.64. La contraevidencia reciente es relevante: sólo 10/20 encuentros quedaron debajo de 2.5. Las bajas ofensivas locales favorecen el límite, pero las defensivas visitantes pueden facilitar tres o más goles, principal escenario de fallo"
"sol61","Operario-PR vs Botafogo SP","1520916","expansion","goals_over_under","under","3.5","1.26","0.83","0.58","false","review-required","Alternativa conservadora que también admite exactamente tres goles. La aproximación total de 2.133 goles sitúa los 0–3 cerca de 0.83; 8/10 partidos recientes de cada equipo cumplieron este límite, como corroboración descriptiva. Tiene ventaja positiva frente al benchmark y la cuota permite una probabilidad de equilibrio inferior a la estimación. Falla con cuatro o más goles, especialmente si las bajas defensivas visitantes generan un partido abierto. Está anidada en under 2.5 y comparte su evidencia"
"sol61","Operario-PR vs Botafogo SP","1520916","expansion","corners_over_under","over","10.5","1.83","0.52","0.38","false","review-required","La claim documenta al menos 11 córners en 11/20 encuentros recientes únicos, pero sólo 4/8 en las sedes pertinentes. Dar peso comparable a ambos resúmenes, que se solapan, deja una estimación exploratoria próxima a 0.52 y no aumenta el tamaño efectivo de muestra. El total visitante de 23 distorsiona la media y no justifica elevar la probabilidad. Falla con diez córners o menos; las frecuencias por sede muestran que ese escenario es habitual"
"sol61","Operario-PR vs Botafogo SP","1520916","expansion","btts","no","","1.8","0.58","0.55","false","review-required","Botafogo no marcó en 9/15 salidas y Operario mantuvo siete porterías invictas en 15 locales. Con intensidades exploratorias de 1.233 y 0.900, la probabilidad de que al menos uno no marque ronda 0.58. BTTS no ocurrió en 5/10 recientes de cada equipo y en 5/8 de las sedes relevantes, por lo que la señal no es uniforme. Las bajas ofensivas locales pueden favorecer esta selección; las defensivas visitantes facilitan el gol local, pero no bastan para que ambos marquen. Falla si Botafogo anota y Operario también"
"sol61","Vila Nova vs Cuiaba","1520919","expansion","h2h","home","","2.16","0.555","0.46","false","review-required","Vila Nova's 12/15 home wins and five recent home wins support the home direction. An illustrative independent-Poisson baseline averages each venue's scoring and opposing conceding rates, giving expected goals of approximately 1.567 and 0.800 and a home-win estimate of 0.555. This is substantially below the historical 80% home-win frequency. Several recent opponents were weak; Cuiabá's recovery, a draw or unresolved absences could invalidate the baseline"
"sol61","Vila Nova vs Cuiaba","1520919","expansion","double_chance","home_or_draw","","1.25","0.809","0.46","false","review-required","Vila Nova avoided defeat in 14/15 home matches, while Cuiabá won 4/15 away. Using the same venue-rate scoring baseline as h2h gives approximately 0.809 for home-or-draw, allowing for substantially more away-win risk than Vila Nova's historical home record alone suggests. Draw protection makes this a conservative alternative to the home win; a Cuiabá win is the failure scenario"
"sol61","Vila Nova vs Cuiaba","1520919","expansion","goals_over_under","over","1.5","1.48","0.742","0.45","false","review-required","At least two regulation goals occurred in 7/10 Vila Nova and 9/10 Cuiabá recent matches. A transparent exploratory blend gives equal weight to that pooled 0.800 frequency and a season venue-rate Poisson baseline of approximately 0.684, producing 0.742. Exactly two goals fully satisfy this half-goal line. A 0-0 or one-goal match, particularly if reported attacking absences matter, defeats the candidate"
"sol61","Vila Nova vs Cuiaba","1520919","expansion","goals_over_under","under","3.5","1.18","0.818","0.43","false","review-required","Totals of at most three occurred in 17/20 recent team matches. Blending that 0.850 descriptive frequency equally with the venue-rate Poisson baseline of approximately 0.786 gives 0.818. This records a higher-probability alternative, but its small fair-probability edge does not overcome the offered price's approximately 0.847 break-even probability. Four or more goals lose; Vila Nova's recent five- and six-goal totals demonstrate the tail risk"
"sol61","Vila Nova vs Cuiaba","1520919","expansion","corners_over_under","over","9.5","1.8","0.564","0.54","false","review-required","Ten or more corners occurred in 11/20 unique recent fixtures and 6/10 relevant-venue fixtures. Applying illustrative Beta(1,1) smoothing gives 12/22 and 7/12; averaging these estimates emphasizes venue relevance and yields approximately 0.564. The venue subset is not additional independent data. The market has explicit scoring approval with no shared blockers. Nine or fewer corners lose, and Cuiabá's 2/5 away overs provide material counter-evidence"
"sol61","Vila Nova vs Cuiaba","1520919","expansion","btts","no","","1.67","0.632","0.44","false","review-required","Vila Nova recorded seven home clean sheets in 15 and Cuiabá failed to score in eight away matches in 15. The season venue-rate independent-Poisson baseline gives approximately 0.564 for at least one team failing to score; averaging with the recent relevant-venue BTTS-no frequency of 7/10 gives 0.632. Both teams scoring is the failure scenario, supported as a real risk by Cuiabá's 3/5 recent away BTTS matches"
"sol61","Popayan vs Union Magdalena","1549587","expansion","h2h","home","","3.7","0.348","0.55","false","review-required","El local ganó sus últimos cuatro partidos ligueros, corroborados por web, pero solo ganó 3/12 localías de temporada; Unión ganó 9/16 visitas. Las tasas de goles por sede, ponderadas según metadata, sustentan aproximadamente 34.8% para victoria local a 90 minutos. Falla con empate o si prevalece la fortaleza visitante de temporada"
"sol61","Popayan vs Union Magdalena","1549587","expansion","double_chance","home_or_draw","","1.73","0.621","0.56","false","review-required","El local evitó derrota en 9/12 localías de temporada y 4/5 recientes; Unión perdió 5/16 visitas de temporada y 3/6 recientes. La aproximación de goles estima 62.1% para local o empate, sin copiar esas frecuencias. Protege el empate de la selección h2h y comparte su tesis; falla exclusivamente con victoria visitante"
"sol61","Popayan vs Union Magdalena","1549587","expansion","goals_over_under","over","2.5","2.38","0.445","0.54","false","review-required","Hubo al menos tres goles en 7/10 partidos recientes del local y 4/10 de Unión; por sede, 3/5 y 3/6. La aproximación con total esperado de 2.457 goles estima 44.5%, moderando esas frecuencias con la temporada. Esta línea exige tres o más goles y falla con cualquier total de cero a dos"
"sol61","Popayan vs Union Magdalena","1549587","expansion","goals_over_under","over","1.5","1.38","0.704","0.55","false","review-required","Alternativa de mayor probabilidad: dos o más goles ocurrieron en 8/10 partidos recientes del local y 6/10 de Unión, con 4/5 y 3/6 por sede. La aproximación de temporada y forma estima 70.4%. Gana también con exactamente dos goles, a diferencia del over 2.5; falla con cero o uno"
"sol61","Gosport Borough vs Poole Town","1597397","expansion","h2h","away","","2.32","","0","false","blocked","Poole ganó 4/5 partidos como visitante y sus últimos tres de liga, lo que respalda examinar su victoria en 90 minutos. Gosport perdió solamente 1/5 en casa y llega con tres partidos de liga sin derrota: un empate o triunfo local hace fallar esta selección. La transición de Poole y el contexto de plantilla sin resolver impiden trasladar esos antecedentes a una probabilidad defendible"
"sol61","Gosport Borough vs Poole Town","1597397","expansion","double_chance","draw_or_away","","1.4","","0","false","blocked","Poole evitó la derrota en 4/5 salidas; esta selección cubre empate y victoria visitante en 90 minutos. Gosport también evitó perder en 4/5 partidos locales y ganó dos: una victoria local es el escenario de fallo. La protección frente al empate reduce exposición respecto de away, pero conserva su misma tesis y no resuelve el conflicto actual que bloquea la estimación"
"sol61","Gosport Borough vs Poole Town","1597397","expansion","goals_over_under","under","2.5","2.15","","0","false","blocked","Under 2.5 gana con cero, uno o dos goles y no tiene devolución. Hubo como máximo dos goles en 3/5 partidos locales de Gosport y 2/5 salidas de Poole. Como contrapeso, ambos grupos promedian tres goles y cuatro de los diez registros tuvieron al menos cuatro: tres o más goles hacen fallar la selección. Estos datos permiten evaluar la línea, pero el conflicto actual impide una probabilidad defendible"
"sol61","Gosport Borough vs Poole Town","1597397","expansion","corners_over_under","under","8.5","1.83","","0","false","blocked","Under 8.5 requiere como máximo ocho córners al final del tiempo reglamentario; nueve o más hacen fallar la selección. Los veinte pedidos históricos carecen de conteos válidos. Se registra únicamente para cubrir el mercado disponible: no existe evidencia para preferir under a over ni para estimar su probabilidad"
"sol61","Fagiano Okayama vs JEF United Chiba","1635588","expansion","h2h","home","","1.76","0.5","0.32","false","blocked","Okayama registra 1V/1E/1D en J1 y ganó su partido de septiembre; Chiba registra 1V/1E/4D en J1 y dividió victorias y derrotas en septiembre. Eso permite una inclinación moderada hacia Okayama, limitada por la antigüedad y distinta oposición. Estimo 0.50 para ganar a 90 minutos, sin convertir frecuencias en pronóstico ni cuantificar el efecto de la suspensión de Suárez. Fukuda Denshi Arena impide atribuir ventaja física al local nominal. Un empate o una victoria de Chiba, cuyo registro visitante de J1 fue 1V/1E/1D, hace fallar la selección"
"sol61","Fagiano Okayama vs JEF United Chiba","1635588","expansion","double_chance","home_or_draw","","1.14","0.77","0.32","false","blocked","La protección del empate cubre la principal incertidumbre de la victoria de Okayama. Su no derrota en J1 fue 2/3, mientras Chiba ganó 1/6 globalmente, aunque ganó 1/3 como visitante. Uso el mismo escenario incierto de resultados: Okayama 0.50, empate 0.27 y Chiba 0.23; por eso 1X suma 0.77. La asignación del empate es un supuesto conservador, no una frecuencia calibrada. La selección falla si gana Chiba; la sede oficial y su mejor registro visitante impiden descartar ese escenario"
"sol61","Fagiano Okayama vs JEF United Chiba","1635588","expansion","goals_over_under","over","2.5","1.99","","0","false","blocked","Over 2.5 exige al menos tres goles a 90 minutos: ocurrió en 1/3 partidos de J1 de Okayama y 4/6 de Chiba. Los antecedentes de septiembre aportan totales 3 para Okayama y 2 y 6 para Chiba. Son datos descriptivos de muestras distintas, no una distribución predictiva actual. El 0-0 reglamentario y el agregado 1-1 de Chiba quedan bajo conflicto; ambos son under 2.5, pero eso no concilia las fuentes ni valida una probabilidad. El escenario de fallo es un total de cero, uno o dos goles"
"sol61","Fagiano Okayama vs JEF United Chiba","1635588","expansion","btts","no","","1.8","","0","false","blocked","BTTS no requiere que al menos un equipo termine sin marcar a 90 minutos. Los antecedentes reglamentarios de Emperor Cup cumplen esa condición para ambos equipos, pero solamente hay un partido por equipo. La contraevidencia es BTTS sí en 2/3 partidos de J1 de Okayama y 3/6 de Chiba. El conflicto de Chiba cambia directamente la clasificación del antecedente y mantiene la probabilidad sin estimar. La selección falla si ambos marcan"
"sol61","Coquimbo Unido vs Cobreloa","1638395","expansion","h2h","home","","1.67","","0","false","blocked","Coquimbo's cup home record of 2W/1D and first-leg 2–1 win support studying a home victory at 90 minutes; Cobreloa's cup away record is 0W/1D/2L. These three-match splits and uneven opposition cannot establish a forecast while the composition conflict remains material. Main failure: a draw sufficient to preserve Coquimbo's aggregate lead, or an away win consistent with Cobreloa's better recent league sequence."
"sol61","Coquimbo Unido vs Cobreloa","1638395","expansion","double_chance","home_or_draw","","1.18","","0","false","blocked","Coquimbo avoided defeat in all seven cup matches and all three cup home matches, supporting examination of 1X at 90 minutes. Counter-evidence is its 2/4 unbeaten recent league home record and Cobreloa's 4/5 unbeaten Primera B away record. An away win defeats this selection. It protects the home-win thesis against a draw and overlaps that thesis; it is not independent diversification."
"sol61","Coquimbo Unido vs Cobreloa","1638395","expansion","goals_over_under","under","2.5","1.9","","0","false","blocked","Under 2.5 wins with zero to two regulation-time goals. Coquimbo's cup home totals were 1, 2 and 3, and its recent league home matches stayed below this line in 3/4. Conversely, Cobreloa's cup away totals were 3, 3 and 4, and the first leg had three goals. Those opposing signals and unresolved composition prevent a defensible estimate. Main failure: Cobreloa's pursuit of the aggregate deficit produces a third goal."
"sol61","Coquimbo Unido vs Cobreloa","1638395","expansion","goals_over_under","under","3.5","1.37","","0","false","blocked","This auditable conservative alternative permits three regulation-time goals, unlike under 2.5. All three Coquimbo cup home totals and two of three Cobreloa cup away totals were below 3.5. These observations support examining the exact line but do not resolve current team comparability or establish positive edge. Main failure: an open second leg reaches four goals; both teams have recent league examples with higher totals."
"sol61","Coquimbo Unido vs Cobreloa","1638395","expansion","corners_over_under","over","9.5","1.8","","0","false","blocked","Over 9.5 requires at least ten corners. Coquimbo's three supplied Primera División home totals were 16, 8 and 12, so two crossed this line. Missing Cobreloa and cup histories prevent transferring that frequency to this fixture. Main failure: reduced attacking width or a controlled second leg produces nine or fewer corners."
"sol61","Coquimbo Unido vs Cobreloa","1638395","expansion","btts","yes","","1.83","","0","false","blocked","Both teams scoring at 90 minutes is supported descriptively by the 2–1 first leg and all three Cobreloa cup away matches. Counter-evidence is BTTS in only 1/3 Coquimbo cup home matches and 2/5 Cobreloa recent Primera B away matches. The unresolved composition conflict prevents a defensible probability. Main failure: either team keeps a clean sheet, particularly if rotation reduces Cobreloa's attack."
"sol61","Antofagasta vs Universidad de Chile","1643186","expansion","h2h","home","","4.2","0.3","0.46","false","review-required","Antofagasta won all four home cup matches, scoring 11 and conceding four; reported U absences provide additional resistance to the away-favorite thesis. A rounded 30% regulation-win estimate discounts that small sample for U's higher division and unbeaten cup away record. The main failure scenario is U's superior playing strength overcoming its absences; that adjustment is too uncertain for promotion."
"sol61","Antofagasta vs Universidad de Chile","1643186","expansion","double_chance","home_or_draw","","2","0.54","0.46","false","review-required","Antofagasta was unbeaten in eight cup matches and all four at home, while U was also unbeaten across four cup visits. Including the draw raises the rounded home-protection estimate to 54%, rather than extrapolating either unbeaten frequency. An outright U win defeats this selection. It protects the same directional thesis as the home win and provides no independent diversification."
"sol61","Antofagasta vs Universidad de Chile","1643186","expansion","goals_over_under","over","2.5","1.95","0.57","0.56","false","review-required","Three or more regulation goals occurred in three of Antofagasta's four cup home matches and two of U's four cup visits. Recent domestic groups separately recorded 4/8 and 6/7 overs. A conservative assumed total-goal mean of 2.95 gives approximately 57% for this exact threshold, below a direct extrapolation of the venue frequencies. The main failure scenario is a restrained first leg or reduced U attacking output producing at most two goals."
"sol61","Antofagasta vs Universidad de Chile","1643186","expansion","goals_over_under","over","1.5","1.28","0.79","0.53","false","review-required","The same assumed 2.95 total-goal mean gives approximately 79% for at least two regulation goals. This protects the primary over against an exactly two-goal result, but zero or one goal still loses. At 1.28, the rounded estimate is only slightly above the offered-price break-even probability of 78.125%; modest downward revisions remove that margin."
"sol61","Antofagasta vs Universidad de Chile","1643186","expansion","btts","yes","","1.8","0.59","0.54","false","review-required","Both teams scored in all four relevant cup venue matches; BTTS occurred in 3/4 Antofagasta home games and 2/4 U visits. Assumed scoring means of 1.30 and 1.65 yield approximately 59% for each side scoring at least once, with domestic BTTS groups of 4/8 and 5/7 providing separate context. U's two away cup clean sheets, or attacking disruption from absences, are the principal failure scenarios."
"sol61","Antofagasta vs Universidad de Chile","1643186","expansion","corners_over_under","over","9.5","1.85","","0","false","blocked","Ten or more corners occurred in 4/7 available U league matches and 2/3 visits. Those observations do not establish this cup fixture's joint corner distribution without Antofagasta data. The over is recorded solely as a blocked coverage candidate; a total of nine or fewer would defeat it, and no defensible event probability is available."
"sol56","RB Bragantino vs Mirassol","1492392","initial","h2h","away","","4.5","0.27","0.58","false","review-required","Mirassol sólo ganó 2/13 salidas, pero Bragantino perdió 5/13 en casa y llega con 1-4-5 en sus últimos diez de liga frente al 3-4-3 visitante. La estimación de 27% supera el benchmark justo de 22.43%; el principal riesgo es que prevalezca el 6-2-5 local o que la previa secundaria de bajas resulte incompleta"
"sol56","RB Bragantino vs Mirassol","1492392","initial","double_chance","draw_or_away","","1.95","0.56","0.61","false","review-required","Bragantino no ganó 7/13 partidos de casa y Mirassol evitó perder 5/13 salidas; las submuestras recientes de sede elevan esas frecuencias a 3/4 y 3/5. El 56% estimado cubre el empate y supera tanto el 51.28% de equilibrio de la cuota como el 47.32% justo; falla si se reafirma la fortaleza local estacional"
"sol56","RB Bragantino vs Mirassol","1492392","initial","goals_over_under","under","2.5","2.11","0.56","0.64","false","review-required","Doce de 20 partidos recientes y únicos terminaron con dos goles o menos, mientras los splits de sede implican totales medios cercanos a 2.5-2.6. La estimación conservadora de 56% supera el 47.39% de equilibrio y el 46.18% justo; el riesgo principal es el promedio reciente de tres goles en los partidos de Mirassol"
"sol56","RB Bragantino vs Mirassol","1492392","initial","goals_over_under","under","3.5","1.42","0.76","0.67","true","promotable","Dieciséis de los 20 partidos recientes quedaron por debajo de 3.5 y los promedios de sede rondan 2.5-2.6 goles totales. Como alternativa conservadora, el 76% estimado supera el 70.42% de equilibrio y el 67.38% justo; falla ante cuatro o más goles, observados en 4/20"
"sol56","RB Bragantino vs Mirassol","1492392","initial","corners_over_under","over","10.5","1.83","0.64","0.43","false","review-required","Cinco de seis registros FT comparables superaron 10.5 córners, con totales 18, 13, 5, 12, 16 y 12. El 64% reduce fuertemente la frecuencia descriptiva por tamaño muestral; el principal fallo es repetir el partido de sólo cinco córners o sufrir regresión fuera de esta muestra"
"sol56","RB Bragantino vs Mirassol","1492392","initial","btts","yes","","1.7","0.57","0.49","false","review-required","BTTS ocurrió en 6/10 partidos recientes de Bragantino y 8/10 de Mirassol, pero las muestras de sede chocan con 1/4 y 4/5. Mirassol no registra porterías a cero fuera, aunque quedó sin marcar en 5/13 salidas; el fallo principal es otra portería a cero local, ocurrida 5/13 veces"
"sol56","Internacional vs Corinthians","1492395","initial","h2h","draw","","3.29","0.32","0.52","false","review-required","Los registros de local y visitante contienen cinco empates cada uno, mientras Internacional empató 3 de sus 5 partidos locales recientes. La estimación conservadora de 0.32 supera levemente el benchmark justo de 0.293461, pero un partido definido por cualquiera de los dos equipos invalida la selección y la ventaja es demasiado estrecha para promoción"
"sol56","Internacional vs Corinthians","1492395","initial","double_chance","draw_or_away","","1.67","0.68","0.61","false","review-required","Internacional perdió o empató 11 de 14 partidos ligueros en casa y no ganó ninguno de sus 5 locales recientes; Corinthians evitó la derrota en 8 de 13 salidas. La estimación de 0.68 protege tanto el empate como el triunfo visitante. Comparte la tesis direccional con el empate h2h y no constituye diversificación independiente; el principal fallo sería una victoria local"
"sol56","Internacional vs Corinthians","1492395","initial","goals_over_under","under","2.5","1.7","0.55","0.54","false","blocked","Los perfiles de sede rondan 2.2-2.3 goles totales por partido, pero la señal reciente es contradictoria: 6 de 10 partidos de Internacional quedaron debajo de 2.5 y 6 de 10 de Corinthians quedaron encima. Esa mezcla sostiene una estimación de 0.55, insuficiente frente al precio; el escenario de fallo es que la fragilidad defensiva reciente produzca tres o más goles"
"sol56","Internacional vs Corinthians","1492395","initial","goals_over_under","under","3.5","1.25","0.81","0.48","false","review-required","Como alternativa conservadora, las tasas combinadas de sede cercanas a 2.2-2.3 goles centran el partido bastante debajo de cuatro tantos y sustentan una estimación no calibrada de 0.81. La protección adicional frente al under 2.5 reduce varianza, pero su margen de precio es mínimo y una escalada a cuatro goles causa la derrota"
"sol56","Internacional vs Corinthians","1492395","initial","corners_over_under","over","8.5","1.52","0.66","0.4","false","review-required","Los cinco registros exactos de sede terminaron con 9, 11, 9, 20 y 18 córners, por lo que todos superaron 8.5. La frecuencia se contrae fuertemente hasta 0.66 por el tamaño de muestra y los valores extremos; el fallo principal sería una regresión hacia un partido de ritmo bajo con ocho córners o menos"
"sol56","Internacional vs Corinthians","1492395","initial","btts","yes","","1.91","0.55","0.56","false","review-required","Ambos equipos registraron BTTS en 6 de sus últimos 10 partidos de liga. La estimación se reduce a 0.55 por la contraevidencia de sede: Internacional no marcó en 4 de 14 partidos locales y Corinthians mantuvo su arco en cero en 4 de 13 salidas. El principal fallo sería que cualquiera de los dos vuelva a quedarse sin marcar"
"sol56","Remo vs Gremio","1492397","initial","h2h","home","","2.39","0.46","0.64","false","review-required","Remo registra 3-5-6 como local, pero Grêmio llega con 0-4-10 como visitante y perdió sus cinco salidas ligueras recientes. Las bajas de ambos lados moderan la estimación al 46%, todavía por encima del 40.60% justo. Falla principalmente si la mala forma propia de Remo pesa más que la debilidad visitante de Grêmio"
"sol56","Remo vs Gremio","1492397","initial","double_chance","home_or_draw","","1.33","0.76","0.66","true","promotable","Remo evitó perder en 8 de 14 partidos de casa y Grêmio no ganó ninguna de sus 14 visitas, además de perder las cinco más recientes. Es la versión protegida de la misma tesis del triunfo local, no diversificación independiente. Falla si Grêmio rompe su patrón visitante y gana"
"sol56","Remo vs Gremio","1492397","initial","goals_over_under","over","2.5","1.92","0.57","0.67","true","promotable","La línea 2.5 fue superada en 7 de los últimos 10 partidos ligueros de Remo y 6 de 10 de Grêmio; los splits de temporada suman 2.7 goles por partido para Remo local y 2.2 para Grêmio visitante. Se descuenta esa frecuencia por forma, rival y bajas, dejando 57%. Falla con baja eficacia o un planteamiento condicionado por las ausencias"
"sol56","Remo vs Gremio","1492397","initial","goals_over_under","under","3.5","1.36","0.79","0.69","true","promotable","Ambos equipos quedaron por debajo de 3.5 goles totales en 8 de sus últimos 10 partidos ligueros. El 79% modelado aplica una pequeña reducción a esa frecuencia descriptiva y funciona como alternativa conservadora, aunque está correlacionada con el over 2.5 y no lo diversifica. Falla ante un partido abierto, gol temprano o expulsión"
"sol56","Remo vs Gremio","1492397","initial","corners_over_under","over","11.5","2.23","0.48","0.58","false","review-required","Hubo al menos 12 córners en 8 de 16 observaciones únicas de Serie A. La estimación baja esa frecuencia descriptiva del 50% al 48% por tamaño muestral y falta de ajuste específico al emparejamiento, pero conserva ventaja sobre el 43.46% justo. Falla si prevalecen los perfiles bajos observados en algunas visitas recientes de Grêmio, con totales de 6 y 7"
"sol56","Remo vs Gremio","1492397","initial","btts","no","","2.05","0.49","0.47","false","review-required","El no BTTS ocurrió en 5 de los 10 partidos recientes del venue correspondiente y Grêmio no marcó en 7 de 14 visitas de temporada, pero el BTTS sí apareció en 13 de los 20 partidos recientes combinados. El 49% refleja esa señal mixta y apenas supera el equilibrio de la cuota; falla si Grêmio convierte pese a su baja producción visitante y Remo mantiene su frecuente concesión"
"sol56","Vitoria vs Chapecoense-sc","1492399","initial","h2h","home","","1.68","0.6","0.57","false","review-required","Vitoria registra 9-1-4 en casa y Chapecoense 1-4-9 fuera, además de ocupar posiciones 13 y 20 según la previa del 6 de octubre. La estimación reduce esas frecuencias por el 2-0-3 reciente de Vitoria como local y su balance de 3-9 goles. El principal fallo sería que esa debilidad reciente continúe y Chapecoense aproveche la transición defensiva local"
"sol56","Vitoria vs Chapecoense-sc","1492399","initial","double_chance","home_or_draw","","1.17","0.78","0.52","false","blocked","Vitoria no perdió 10/14 en casa y Chapecoense ganó solo 1/14 fuera, pero Vitoria evitó perder apenas 2/5 recientemente como local. La protección expresa la misma tesis direccional que el triunfo local, no diversificación independiente, y el precio exige más probabilidad de la que sostiene la estimación. El fallo principal sería otra derrota local dentro de su mala ventana reciente"
"sol56","Vitoria vs Chapecoense-sc","1492399","initial","goals_over_under","over","1.5","1.28","0.79","0.59","false","review-required","Dieciséis de las 20 observaciones ligueras recientes superaron 1.5 goles; la estimación de 0.79 trata esa frecuencia como evidencia descriptiva y la modera con los splits de temporada. El fallo principal sería un partido de 0-0 o 1-0, plausible porque Vitoria quedó sin marcar 3/14 veces en casa y Chapecoense 5/14 fuera"
"sol56","Vitoria vs Chapecoense-sc","1492399","initial","goals_over_under","under","4.5","1.13","0.9","0.61","false","review-required","Diecinueve de los 20 totales recientes quedaron debajo de 4.5; la estimación se reduce de esa frecuencia descriptiva por muestra limitada y posible cambio de guion. Es una alternativa conservadora, pero se solapa con over 1.5 y no constituye diversificación independiente. El fallo sería un encuentro abierto de cinco o más goles; la muestra ya contiene un total de seis"
"sol56","Vitoria vs Chapecoense-sc","1492399","initial","corners_over_under","over","9.5","1.68","0.68","0.5","false","review-required","Seis de siete partidos comparables por sede terminaron con al menos 10 córners, con totales de 10, 7, 14, 12, 12, 12 y 11. La estimación se contrae con fuerza frente al 6/7 observado por la muestra pequeña y un registro faltante. El fallo principal es un ritmo bajo similar al único total de siete"
"sol56","Vitoria vs Chapecoense-sc","1492399","initial","btts","no","","1.95","0.54","0.43","false","review-required","BTTS ocurrió solo 1/5 en las últimas localías ligueras de Vitoria y el equipo mantuvo nueve porterías a cero en 14 partidos de casa, favoreciendo levemente el no. La contraevidencia es fuerte: ocurrió en 5/6 salidas recientes de Chapecoense y el visitante no logró ninguna portería a cero en 14 salidas. El fallo principal sería que ambos conviertan conforme a esa tendencia visitante"
"sol56","Botafogo vs Vasco DA Gama","1492391","initial","h2h","home","","2.7","0.39","0.56","false","review-required","Botafogo presenta 5-6-3 en casa frente al 1-5-7 de Vasco como visitante y ganó 2-1 el primer cruce de liga. La forma reciente es menos favorable para Botafogo, por lo que la estimación queda moderada; el principal fallo sería que la mejora reciente de Vasco y las ausencias todavía no confirmadas pesen más que la ventaja de localía"
"sol56","Botafogo vs Vasco DA Gama","1492391","initial","double_chance","home_or_draw","","1.5","0.72","0.61","false","review-required","Botafogo evitó perder en 11/14 partidos ligueros de local y 5/6 recientes en esa condición; Vasco sólo ganó 1/13 como visitante y 1/5 recientemente. Se descuenta la forma general reciente de ambos y la falta de alineaciones; el fallo principal sería una victoria visitante, resultado que el mercado valora bastante más que los registros de sede"
"sol56","Botafogo vs Vasco DA Gama","1492391","initial","goals_over_under","under","2.5","2.06","0.51","0.53","false","review-required","El under 2.5 apareció en 4/6 partidos recientes de Botafogo como local y 3/5 de Vasco como visitante. Las tasas estacionales de sede apuntan cerca de tres goles y Vasco tuvo una muestra liguera reciente más ofensiva, por lo que la estimación se reduce a 0.51; el fallo principal es un partido abierto que alcance tres goles, como el primer cruce"
"sol56","Botafogo vs Vasco DA Gama","1492391","initial","corners_over_under","under","11.5","1.49","","0","false","blocked","La línea queda cubierta analíticamente, pero los ocho totales disponibles se dividen 4-4 alrededor de 11.5. Cuatro encuentros llegaron a 12 o más córners, que es el escenario de fallo; la muestra pequeña y no direccional no permite una estimación defendible"
"sol56","Botafogo vs Vasco DA Gama","1492391","initial","btts","no","","2.2","0.43","0.46","false","review-required","Vasco no marcó en 4/13 salidas y Botafogo dejó su arco en cero en 3/14 partidos de local, pero hubo BTTS en 4/6 localías recientes de Botafogo y 2/5 visitas recientes de Vasco. La mezcla sustenta una estimación incierta de 0.43 para no; el fallo principal es que ambos aprovechen defensas que conceden con frecuencia"
"sol56","Cruzeiro vs Sao Paulo","1492393","initial","h2h","home","","1.88","0.57","0.65","true","promotable","Cruzeiro registró 7V-4E-3D en 14 partidos ligueros de local y 3V-0E-1D en sus cuatro locales recientes, frente al 2V-3E-9D de São Paulo como visitante y 0V-1E-3D en sus cuatro salidas recientes. Las bajas reportadas de São Paulo refuerzan moderadamente la ventaja local. El principal fallo sería que la ausencia de Fabrício Bruno y una alineación visitante distinta de la prevista permitan a São Paulo explotar transiciones"
"sol56","Cruzeiro vs Sao Paulo","1492393","initial","double_chance","home_or_draw","","1.22","0.83","0.64","false","review-required","Cruzeiro evitó perder en 11/14 partidos de local y São Paulo perdió 9/14 visitas; los segmentos recientes fueron 3/4 sin derrota local y 3/4 derrotas visitantes. La protección del empate se ajusta a esa diferencia sin exigir la victoria. El principal fallo sería una victoria visitante, especialmente si las bajas locales alteran la defensa"
"sol56","Cruzeiro vs Sao Paulo","1492393","initial","goals_over_under","under","3.5","1.31","0.77","0.59","false","review-required","Dieciséis de los 20 partidos ligueros recientes únicos terminaron con menos de 3.5 goles. Los splits relevantes promedian 2.8 goles en casa de Cruzeiro y 2.2 en visitas de São Paulo, mientras las bajas ofensivas visitantes favorecen moderadamente la línea. El principal fallo sería un partido abierto por un gol temprano o por las ausencias defensivas de Cruzeiro"
"sol56","Cruzeiro vs Sao Paulo","1492393","initial","goals_over_under","under","4.5","1.11","0.91","0.57","false","review-required","Ninguno de los 20 partidos ligueros recientes únicos llegó a cinco goles y los promedios de los splits local y visitante se mantienen muy por debajo de esta línea. Se aplica reducción por muestra limitada, por lo que la estimación no equivale al 20/20 observado. El principal fallo sería una expulsión, un colapso defensivo o una sucesión temprana de goles"
"sol56","Cruzeiro vs Sao Paulo","1492393","initial","corners_over_under","under","10.5","1.62","0.7","0.55","false","review-required","El under 10.5 ocurrió en 13/20 historiales FT y en 6/7 partidos del segmento de venue objetivo, por lo que ambas muestras respaldan la misma dirección aunque con magnitudes distintas. El principal fallo son los episodios de volumen extremo: la muestra incluye varios totales de 15, 16 y 18 córners"
"sol56","Cruzeiro vs Sao Paulo","1492393","initial","btts","yes","","1.8","0.61","0.6","false","review-required","BTTS ocurrió en 14/20 partidos ligueros recientes combinados y en 5/8 del segmento de venue objetivo. Cruzeiro marcó en 12/14 partidos de local y concedió en 11/14; la baja de Fabrício Bruno favorece el gol visitante, aunque las ausencias ofensivas de São Paulo reducen la estimación. El principal fallo sería que São Paulo repita uno de sus cinco partidos sin marcar en 14 visitas"
"sol56","Jordan W vs Armenia W","1638733","initial","h2h","home","","1.53","0.66","0.56","false","review-required","Jordan won its two available 2026 home friendlies, while Armenia went 0-1-3 with one goal scored and 13 conceded in four 2026 UEFA qualifiers. After discounting the tiny, cross-competition samples, the estimated home-win probability is 0.66 versus a 0.591707 devig benchmark. The main failure scenarios are a draw, friendly-match rotation, or Armenia proving stronger than its qualifier record suggests."
"sol56","Jordan W vs Armenia W","1638733","initial","double_chance","home_or_draw","","1.17","0.84","0.52","false","review-required","Jordan avoided defeat in both available 2026 home friendlies, while Armenia avoided defeat in only one of four 2026 qualifiers. This protected selection shares the home-favoring thesis of the h2h pick and is not independent diversification. Its 0.84 estimate exceeds the 0.81485 fair benchmark but not the offered price's break-even level; an Armenia away win is the losing scenario."
"sol56","Jordan W vs Armenia W","1638733","initial","goals_over_under","over","2.5","1.7","0.61","0.47","false","review-required","Four of the six unique supplied matches finished over 2.5: Jordan's totals were 7 and 1, and Armenia's were 3, 3, 2, and 6. Regressing that descriptive 4/6 frequency for the small, cross-competition sample gives 0.61 versus the 0.554354 fair benchmark. The main failure scenario is a low-tempo friendly resembling Jordan's 1-0 result, compounded by Armenia having scored in only one qualifier."
"sol56","Mladá Boleslav II vs Varnsdorf","1562767","initial","h2h","home","","1.95","0.49","0.46","false","review-required","Mladá presenta el mejor registro general, 5-1-2 frente a 3-2-2, pero su 2-0-2 como local y el 1-1-1 visitante de Varnsdorf moderan la ventaja. El 0.49 estimado supera apenas el benchmark justo de 0.477753, pero no el punto de equilibrio de la cuota. El principal fallo sería que la paridad observada en estos splits se traduzca en empate o victoria visitante"
"sol56","Mladá Boleslav II vs Varnsdorf","1562767","initial","double_chance","home_or_draw","","1.3","0.71","0.46","false","blocked","Mladá evitó la derrota en 6/8 partidos generales, aunque solo en 2/4 como local; Varnsdorf evitó perder en 2/3 salidas. La protección 1X comparte la misma tesis direccional del triunfo local y no aporta diversificación independiente. Su principal fallo es una victoria visitante, todavía plausible según el split 1-1-1 de Varnsdorf"
"sol56","Mladá Boleslav II vs Varnsdorf","1562767","initial","goals_over_under","over","2.5","1.57","0.68","0.62","false","review-required","El over 2.5 ocurrió en 7/8 partidos de Mladá y 4/7 de Varnsdorf, además de 4/4 partidos de Mladá como local y 3/3 de Varnsdorf como visitante. El 0.68 reduce esas frecuencias por el tamaño limitado de las muestras, pero permanece sobre el benchmark justo de 0.60533 y el 0.636943 implícito en la cuota. El principal fallo sería una regresión hacia un partido de dos goles o menos"
"sol56","Forge vs Pacific FC","1517309","expansion","h2h","draw","","6.04","0.21","0.62","false","review-required","Forge empató 3/12 partidos de local y Pacific 5/12 de visitante; además, sus registros recientes contienen 4/10 y 5/10 empates. La estimación se reduce a 0.21 por el 8-3-1 local de Forge y sus seis victorias consecutivas ante Pacific. El principal fallo sería que Forge convierta esa superioridad en otra victoria."
"sol56","Forge vs Pacific FC","1517309","expansion","double_chance","draw_or_away","","3.4","0.31","0.6","false","review-required","Forge no ganó 4/12 partidos de local y Pacific evitó perder en 6/12 salidas; los recientes 4/10 y 5/10 empates sostienen X2, aunque las seis victorias directas seguidas de Forge limitan la estimación a 0.31. El fallo principal es una victoria local. Esta selección se solapa fuertemente con el empate H2H y no constituye diversificación independiente."
"sol56","Forge vs Pacific FC","1517309","expansion","goals_over_under","under","3.5","1.81","0.64","0.66","true","promotable","El under 3.5 apareció en 8/10 partidos recientes de Forge y 6/10 de Pacific; los dos cruces de 2026 citados terminaron 1-0 y 2-0 para Forge. Se descuenta la tendencia alta de Pacific como visitante, con 46 goles totales en 12 salidas. El fallo principal es que la defensa visitante vuelva a conceder en volumen o que Pacific contribuya al marcador."
"sol56","Forge vs Pacific FC","1517309","expansion","corners_over_under","under","9.5","1.73","0.59","0.48","false","review-required","El under ocurrió en 5/6 muestras de Forge y en sus 4/4 muestras disponibles como local, pero solo en 3/8 de Pacific y 2/5 de sus salidas. La combinación contextual permite una estimación incierta de 0.59. El fallo principal es que prevalezca la tendencia alta de Pacific, que produjo cinco overs en ocho partidos."
"sol56","Forge vs Pacific FC","1517309","expansion","btts","no","","1.83","0.58","0.64","false","review-required","Forge mantuvo siete porterías a cero en 12 partidos de local, Pacific no marcó en cuatro de 12 salidas y quedó sin anotar en los seis cruces directos anteriores. El BTTS reciente de 6/10 para ambos y la ausencia del arquero Bertaud reducen la estimación de BTTS no a 0.58. El fallo principal es que Pacific aproveche el cambio de arquero mientras Forge anota ante una defensa que recibió 30 goles fuera."
"sol56","York United vs Supra du Quebec","1517361","expansion","h2h","home","","2.45","0.41","0.56","false","review-required","York/Inter's 5-3-4 season home record and 3-2-1 recent home run compare favorably with Supra's 4-2-6 season away record and 1-1-3 recent away run, supporting a modest home estimate above the 0.368846 fair benchmark. Supra's win and draw in the two 2026 meetings, plus two Inter suspensions, are the main failure scenarios."
"sol56","York United vs Supra du Quebec","1517361","expansion","double_chance","home_or_draw","","1.57","0.67","0.62","false","review-required","York/Inter avoided defeat in five of its latest six league home matches, Supra failed to win four of its latest five away matches, and the latest head-to-head ended 1-1. Those facts support the protected home-or-draw line; failure is most likely if Supra repeats its earlier 3-1 head-to-head win against an Inter side missing Singh and Yeates."
"sol56","York United vs Supra du Quebec","1517361","expansion","goals_over_under","over","3.5","2.13","0.57","0.61","false","review-required","Over 3.5 landed in 7/10 recent Inter league matches, 5/6 of its recent home matches and 3/5 recent Supra away matches; the season venue splits also averaged 4.58 and 3.92 total goals. The estimate is regressed below those descriptive frequencies; a slower match caused by absences or inefficient finishing is the main failure scenario."
"sol56","York United vs Supra du Quebec","1517361","expansion","goals_over_under","over","2.5","1.45","0.72","0.64","false","review-required","This lower-variance goals alternative is supported by over 2.5 occurring in 8/10 recent Inter matches, 5/6 recent Inter home matches and 3/5 recent Supra away matches, alongside high season venue goal totals. Regression for sample size and the three suspensions gives a 0.72 estimate; a compact game with poor finishing is the main failure scenario."
"sol56","York United vs Supra du Quebec","1517361","expansion","btts","yes","","1.44","0.71","0.61","false","review-required","Both teams scored in all 10 recent Inter league matches and all six recent Inter home matches; Inter also scored in every season home match while keeping only one clean sheet. Supra's lower 5/10 overall and 3/5 away BTTS rates constrain the estimate; either team failing to score, especially Supra, is the main failure scenario."
"sol56","York United vs Supra du Quebec","1517361","expansion","corners_over_under","under","9.5","2","0.54","0.44","false","review-required","Nine of 15 unique available API-Football records finished below 9.5 corners, while third-party rolling averages of 9.0 and 8.8 provide only weak corroboration. Regression toward the market and the adverse 4/6-over Inter home split reduce the estimate to 0.54; another high-corner home match or a repeat of the 11-corner head-to-head is the main failure scenario."
"sol56","America Mineiro vs Fortaleza EC","1520910","expansion","h2h","away","","1.85","0.55","0.66","true","promotable","America lost 9 of 15 home matches and eight of its latest ten league matches, while Fortaleza went 5-5-5 away, remained unbeaten across its latest ten and posted 3-1-0 against the cited comparable opponents. These results support a modest estimate above the 49.05% fair benchmark, although Fortaleza's draw frequency is the main failure scenario."
"sol56","America Mineiro vs Fortaleza EC","1520910","expansion","double_chance","draw_or_away","","1.2","0.84","0.68","true","promotable","America failed to win 12 of 15 home matches, while Fortaleza avoided defeat in 10 of 15 away matches, all ten recent league matches and its four recent away matches. The protection against a draw fits Fortaleza's six draws in that recent run; the failure scenario is an America home win. This overlaps with the away h2h thesis and is not independent diversification."
"sol56","America Mineiro vs Fortaleza EC","1520910","expansion","goals_over_under","under","2.5","1.81","0.63","0.64","false","review-required","America's home matches combine 0.8 goals scored and 1.4 conceded per match, while Fortaleza's away split is 0.7 scored and 0.9 conceded. Over 2.5 occurred in only two of Fortaleza's latest ten, versus five of America's ten, supporting under 2.5 with moderation. The main failure scenario is America's recent defensive weakness producing an open match."
"sol56","America Mineiro vs Fortaleza EC","1520910","expansion","corners_over_under","under","10.5","1.73","0.59","0.43","false","review-required","Six of nine comparable venue-specific matches finished below 10.5 corners, which supports a cautious estimate above the fair benchmark. America home matches nevertheless averaged 11.6 corners and three observations reached 14 or 15, creating the principal failure scenario and preventing promotion."
"sol56","America Mineiro vs Fortaleza EC","1520910","expansion","btts","no","","1.83","0.61","0.58","false","review-required","BTTS landed in only two of five comparable America home matches and one of four Fortaleza away matches. Fortaleza also recorded seven clean sheets and failed to score six times across 15 away matches. The estimate is restrained because Fortaleza's overall recent sample produced BTTS in six of ten; both teams scoring is the main failure scenario."
"sol56","Avai vs Londrina","1520911","expansion","h2h","home","","2.15","0.45","0.56","false","review-required","Londrina perdió 10 de 15 salidas y Avaí ganó 5 de 15 localías, lo que deja una inclinación moderada al local. La suspensión del goleador Daniel Penha, los tres retornos visitantes y la mala forma reciente de ambos limitan esa ventaja; el principal fallo sería que Avaí vuelva a sufrir ofensivamente"
"sol56","Avai vs Londrina","1520911","expansion","double_chance","home_or_away","","1.36","0.79","0.63","false","review-required","Los registros de sede contienen 4 empates de Avaí en 15 localías y 2 de Londrina en 15 salidas; las formas recientes agregan solo 3 empates entre las 20 observaciones de ambos equipos. La estimación se reduce frente a esas frecuencias descriptivas; el único resultado perdedor es el empate"
"sol56","Avai vs Londrina","1520911","expansion","goals_over_under","under","2.5","1.65","0.62","0.6","false","review-required","Avaí promedia 2.0 goles totales por localía y no contará con Daniel Penha, autor de 10 goles. La señal reciente por sede es divergente, con over 2.5 en 1 de 4 localías de Avaí y 3 de 4 salidas de Londrina; el principal fallo sería que la defensa visitante, que recibió 25 goles en 15 salidas, provoque un partido abierto"
"sol56","Avai vs Londrina","1520911","expansion","goals_over_under","under","3.5","1.23","0.82","0.62","false","review-required","Es la alternativa conservadora del mismo escenario de pocos goles: Avaí registra 15-15 en goles durante 15 localías y pierde a su máximo anotador. La línea tolera hasta tres goles; el fallo principal sería una goleada facilitada por los 25 goles recibidos por Londrina en 15 salidas"
"sol56","Avai vs Londrina","1520911","expansion","corners_over_under","under","10.5","1.73","0.57","0.44","false","review-required","Cinco de ocho partidos comparables quedaron debajo de 10.5 córners y el promedio fue 10.125. La estimación reduce esa frecuencia por el tamaño muestral y la ausencia de ajuste por rival; el fallo principal es la cola alta observada, con tres partidos de 14 córners"
"sol56","Avai vs Londrina","1520911","expansion","btts","no","","1.83","0.54","0.52","false","review-required","Ambos equipos fallaron en marcar seis veces en sus 15 partidos de sede relevantes y Avaí pierde a Daniel Penha, pero el BTTS ocurrió en 5 de los últimos 10 de cada equipo y Londrina no logró ninguna portería a cero como visitante. Esa última debilidad es el principal escenario de fallo para BTTS no"
"sol56","CRB vs Atletico Goianiense","1520913","expansion","h2h","away","","3.93","0.28","0.6","false","review-required","Atlético-GO ganó 5 de 15 visitas, llega 2-2-1 en sus cinco salidas recientes y registra 3-4-2 fuera con Roger Silva. Eso respalda una estimación de 0.28, apenas superior al benchmark justo de 0.253169. El principal fallo sería que prevalezca la fortaleza de CRB, 8-3-4 en casa y 4-1-0 en sus cinco locales recientes, reforzada por retornos en su plantel."
"sol56","CRB vs Atletico Goianiense","1520913","expansion","double_chance","draw_or_away","","1.73","0.54","0.6","false","review-required","Atlético-GO evitó perder en 4 de sus cinco visitas recientes y tiene 3-4-2 fuera con Roger Silva, pero CRB está invicto en sus cinco locales recientes. La protección del empate eleva la probabilidad estimada a 0.54, aunque no compensa el precio ofrecido. Comparte la misma tesis direccional del h2h visitante y no constituye diversificación independiente; falla con una victoria local."
"sol56","CRB vs Atletico Goianiense","1520913","expansion","goals_over_under","under","2.5","1.86","0.56","0.62","false","review-required","Atlético-GO promedia sólo 0.9 goles a favor y 0.9 en contra como visitante, y cuatro de sus cinco visitas recientes quedaron debajo de 2.5. La señal se modera porque cuatro de los cinco locales recientes de CRB superaron la línea y la muestra combinada quedó 5/10. El fallo principal sería que el ataque local de CRB, 1.9 goles por partido en casa, imponga otro encuentro abierto."
"sol56","CRB vs Atletico Goianiense","1520913","expansion","goals_over_under","under","3.5","1.31","0.78","0.64","false","review-required","Ocho de las diez muestras recientes alineadas por sede quedaron debajo de 3.5 goles y el perfil visitante de Atlético-GO es de 0.9 marcados y 0.9 recibidos. La línea aporta protección frente a exactamente tres goles y funciona como alternativa conservadora al under 2.5. Falla con cuatro o más goles, escenario plausible si el ataque local de CRB mantiene su tramo reciente abierto."
"sol56","CRB vs Atletico Goianiense","1520913","expansion","corners_over_under","over","10.5","2","0.55","0.56","false","review-required","Seis de las diez observaciones recientes por sede superaron 10.5 córners, con medias de 10.4 en los locales de CRB y 11.4 en las visitas de Atlético-GO. La estimación de 0.55 aplica contracción frente al 6/10 descriptivo por el tamaño y la estructura de la muestra. Falla si el ritmo ofensivo produce diez córners o menos."
"sol56","CRB vs Atletico Goianiense","1520913","expansion","corners_over_under","over","9.5","1.73","0.6","0.57","false","review-required","Seis de las diez observaciones superaron 9.5 córners y ninguna terminó exactamente en diez; las medias por sede fueron 10.4 y 11.4. La línea inferior ofrece una alternativa más conservadora que over 10.5, aunque ambas selecciones dependen de la misma muestra y no diversifican. Falla con nueve córners o menos."
"sol56","CRB vs Atletico Goianiense","1520913","expansion","btts","no","","1.91","0.55","0.59","false","review-required","BTTS sí ocurrió sólo en 4 de las diez muestras recientes por sede y en una de las cinco visitas recientes de Atlético-GO. Además, el visitante registra cinco vallas invictas y cuatro partidos sin marcar en 15 salidas. La estimación se limita a 0.55 porque CRB tuvo BTTS en 3/5 locales recientes y marca 1.9 goles por partido en casa; el fallo es que ambos ataques anoten al menos una vez."
"sol56","Operario-PR vs Botafogo SP","1520916","expansion","h2h","home","","1.91","0.51","0.61","false","review-required","Operario registró 7-5-3 como local frente al 3-5-7 de Botafogo como visitante y llega con mejor forma reciente; las bajas defensivas visitantes elevan levemente la estimación. El principal fallo sería otro rendimiento local como la derrota 0-3 más reciente, agravado por las ausencias de Operario. Comparte tesis direccional con home_or_draw y no aporta diversificación independiente"
"sol56","Operario-PR vs Botafogo SP","1520916","expansion","double_chance","home_or_draw","","1.28","0.79","0.68","true","promotable","Operario evitó perder en 12 de 15 partidos de local y Botafogo no ganó en 12 de 15 salidas; las muestras recientes marcan 7 de 10 y 8 de 10, respectivamente. La derrota visitante es el escenario de fallo. Es la versión protegida de la tesis local y se solapa con el h2h home"
"sol56","Operario-PR vs Botafogo SP","1520916","expansion","goals_over_under","under","2.5","1.72","0.55","0.55","false","blocked","Los últimos 10 partidos quedaron debajo de 2.5 en 4 de 10 para Operario y 6 de 10 para Botafogo; en los subconjuntos de sede fueron 1 de 4 y 3 de 4. Esa mezcla sostiene una estimación cercana al mercado, pero no una ventaja. El fallo principal son tres o más goles, vistos en tres de los cuatro partidos locales recientes de Operario"
"sol56","Operario-PR vs Botafogo SP","1520916","expansion","goals_over_under","under","3.5","1.26","0.82","0.67","true","promotable","Cada equipo quedó debajo de 3.5 en 8 de sus últimos 10 partidos; los subconjuntos de sede fueron 3 de 4 para Operario y 4 de 4 para Botafogo. La línea tolera el desacuerdo existente alrededor de 2.5. El escenario de fallo es un partido de cuatro o más goles, ya observado una vez en los cuatro locales recientes de Operario"
"sol56","Operario-PR vs Botafogo SP","1520916","expansion","corners_over_under","over","10.5","1.83","0.53","0.43","false","review-required","El over 10.5 ocurrió en 5 de 10 partidos de Operario y 6 de 10 de Botafogo, pero solo en 2 de 4 para cada equipo en la sede pertinente. Eso permite una estimación levemente superior al benchmark justo, aunque inferior al precio ofrecido. El fallo principal es la alta volatilidad, con múltiples totales de 6 a 8"
"sol56","Operario-PR vs Botafogo SP","1520916","expansion","btts","no","","1.8","0.62","0.66","true","promotable","Botafogo no marcó en 9 de 15 salidas y Operario mantuvo siete porterías a cero en 15 partidos de local; BTTS ocurrió solo en 1 de las cuatro salidas recientes de Botafogo. La frecuencia de 5 de 10 para ambos equipos en la muestra general modera la estimación. El fallo principal es que Botafogo marque y Operario aproveche las bajas defensivas visitantes"
"sol56","Popayan vs Union Magdalena","1549587","expansion","h2h","home","","3.7","0.31","0.57","false","review-required","Popayan's 5-2-3 recent league form and 2-2-1 record across its latest five home matches support a 31% home-win estimate, above the 26.55% fair benchmark. Union's stronger full-season away record, 9-2-5, is material counterevidence; the main failure scenario is that its season-long away advantage outweighs Popayan's recent improvement."
"sol56","Popayan vs Union Magdalena","1549587","expansion","double_chance","home_or_draw","","1.73","0.6","0.58","false","review-required","Popayan avoided defeat in 9 of 12 season home matches and 4 of its latest 5 home matches, supporting a 60% home-or-draw estimate versus the 55.89% fair benchmark. This is a protected version of the home-win thesis, not independent diversification. The main failure scenario is an Union away win consistent with its 9 wins in 16 season away matches."
"sol56","Popayan vs Union Magdalena","1549587","expansion","goals_over_under","over","2.5","2.38","0.5","0.61","false","review-required","Over 2.5 occurred in 7 of Popayan's latest 10 league matches and 3 of its latest 5 at home, while Union recorded it in 4 of 10 overall and 3 of 6 away. Balancing those divergent samples with venue scoring and concession rates gives a 50% estimate for at least three goals, above the 41.70% fair benchmark. The main failure scenario is a low-tempo match resembling Union's lower-scoring recent subset."
"sol56","Popayan vs Union Magdalena","1549587","expansion","goals_over_under","over","1.5","1.38","0.69","0.6","false","review-required","The lower-variance line is supported by over 1.5 rates of 8/10 for Popayan and 6/10 for Union, with venue splits of 4/5 and 3/6. Those mixed samples support a 69% estimate, but the margin over the 66.95% fair benchmark is small and does not clear the offered price's raw implied probability. The main failure scenario is a 0-0 or 1-0 result."
"sol56","Gosport Borough vs Poole Town","1597397","expansion","h2h","away","","2.32","0.44","0.41","false","review-required","Poole llega con 4-0-1 y 2.4 PPM en cinco salidas, frente al 2-2-1 y 1.6 PPM de Gosport en cinco partidos como local. La estimación se reduce hacia el mercado por el tamaño y la heterogeneidad de las muestras. El principal fallo sería que el cambio a mando interino altere negativamente la selección o el enfoque visitante."
"sol56","Gosport Borough vs Poole Town","1597397","expansion","double_chance","draw_or_away","","1.4","0.68","0.39","false","review-required","Poole evitó perder en 4/5 salidas y Gosport ganó sólo 2/5 partidos en casa. Esta selección protege el empate, pero comparte la misma tesis direccional que el triunfo visitante y no aporta diversificación independiente. El principal fallo sería una mejora inmediata de Gosport o un deterioro de Poole bajo el mando interino."
"sol56","Gosport Borough vs Poole Town","1597397","expansion","goals_over_under","over","2.5","1.74","0.54","0.4","false","blocked","Las muestras relevantes produjeron over 2.5 en 5/10 observaciones, mientras ambos perfiles de localía promediaron tres goles totales y Gosport no mantuvo su arco en cero en casa. La estimación queda cerca pero debajo del benchmark justo. El principal fallo sería un partido más cauteloso tras el cambio técnico de Poole."
"sol56","Gosport Borough vs Poole Town","1597397","expansion","corners_over_under","under","8.5","1.83","","0","false","blocked","La selección se registra únicamente para cubrir el mercado cotizado. Los 20 antecedentes solicitados carecen de conteos FT válidos, por lo que no existe base para estimar la probabilidad del under 8.5. El fallo no puede cuantificarse sin inventar datos."
"sol56","Fagiano Okayama vs JEF United Chiba","1635588","expansion","h2h","home","","1.76","0.57","0.56","false","review-required","Fagiano's official latest-five record is 4-0-1 versus JEF's 2-1-2, and Fagiano won their recent direct meeting 2-1. This supports a modest uncalibrated estimate above the 0.540485 fair benchmark, but not a large margin because the API home label does not confer normal home advantage at Fukuda Denshi Arena. The main failure scenario is JEF benefiting from the venue and Cup variance while Fagiano's mixed-competition form fails to transfer."
"sol56","Fagiano Okayama vs JEF United Chiba","1635588","expansion","double_chance","home_or_draw","","1.14","0.81","0.55","false","review-required","Fagiano avoided defeat in 4 of its official latest five and beat JEF in the recent direct meeting, supporting an estimated 0.81 chance of home-or-draw. The estimate is only slightly above the 0.792056 fair benchmark and well below the probability demanded by the offered price. JEF's venue context and the mixed competitions in the form sample are the principal failure risks."
"sol56","Fagiano Okayama vs JEF United Chiba","1635588","expansion","goals_over_under","over","2.5","1.99","0.55","0.6","false","review-required","Fagiano's official latest five all exceeded 2.5 goals, while only 2 of JEF's latest five did, so the estimate is moderated to 0.55 rather than treating Fagiano's frequency as the forecast. Competition-separated histories still contain several three-or-more-goal results. The main failure scenario is a cautious Cup match resembling JEF's prior 0-0 regulation draw."
"sol56","Fagiano Okayama vs JEF United Chiba","1635588","expansion","goals_over_under","over","1.5","1.31","0.8","0.62","false","review-required","Every match in both official latest-five lists reached at least two goals, and the competition-separated histories generally support this lower line. The estimate is reduced to 0.80 because those lists overlap at the direct meeting and JEF's only prior Cup tie was 0-0 after 90 minutes. A similarly conservative Cup game is the main failure scenario."
"sol56","Fagiano Okayama vs JEF United Chiba","1635588","expansion","btts","yes","","1.95","0.53","0.55","false","review-required","BTTS occurred in all five matches on Fagiano's official recent list and 3 of JEF's five, but broader competition-separated records are weaker at 3 of 5 for Fagiano and 4 of 9 for JEF. That counter-evidence limits the estimate to 0.53. The principal failure scenario is either side reproducing its prior Cup clean-sheet match."
"sol56","Coquimbo Unido vs Cobreloa","1638395","expansion","h2h","home","","1.67","0.61","0.62","false","review-required","Coquimbo llega invicto en siete partidos de Copa Chile, registra 2V-1E-0D como local y ganó 2-1 la ida; Cobreloa lleva 0V-1E-2D como visitante en esta copa. La estimación modera esos registros por el buen tramo reciente de Cobreloa en Primera B y porque Coquimbo podría administrar su ventaja. El principal fallo sería un planteamiento local conservador o que las ausencias no confirmadas reduzcan su superioridad."
"sol56","Coquimbo Unido vs Cobreloa","1638395","expansion","double_chance","home_or_draw","","1.18","0.86","0.63","false","review-required","Coquimbo no perdió ninguno de sus siete partidos de Copa ni sus tres encuentros como local, mientras Cobreloa no ganó en sus tres salidas y perdió la ida. Esta selección protege el empate, pero comparte la misma tesis direccional del triunfo local y no constituye diversificación independiente. El escenario de fallo es una victoria visitante, favorecida por una rotación local o por ausencias todavía sin confirmar."
"sol56","Coquimbo Unido vs Cobreloa","1638395","expansion","goals_over_under","under","2.5","1.9","0.58","0.58","false","review-required","Ocho de los 13 partidos únicos de Copa terminaron con cero, uno o dos goles y los tres partidos de Coquimbo como local promediaron 2.0. La estimación se reduce frente al 8/13 descriptivo porque las tres salidas de Cobreloa promediaron 3.33 y la ida acabó 2-1. El fallo principal es un tercer gol provocado por la necesidad visitante de remontar o por una transición tardía."
"sol56","Coquimbo Unido vs Cobreloa","1638395","expansion","goals_over_under","under","3.5","1.37","0.82","0.61","false","review-required","Doce de los 13 partidos únicos de Copa quedaron por debajo de 3.5 goles y ninguno superó cuatro; esta línea ofrece una alternativa conservadora al under 2.5. La estimación aplica una regresión importante al 12/13 observado por el tamaño de muestra y por el promedio de 3.33 goles en las salidas de Cobreloa. Falla con cuatro o más goles, especialmente si un gol temprano abre la eliminatoria."
"sol56","Coquimbo Unido vs Cobreloa","1638395","expansion","corners_over_under","over","9.5","1.8","","0","false","blocked","Cuatro de siete partidos disponibles de Coquimbo superaron 9.5 córners, pero la muestra mezcla Primera División y Libertadores, incluye solo tres partidos como local y no contiene ningún dato de Cobreloa ni de la ida. Esa evidencia unilateral no permite estimar de forma defendible la probabilidad del over; el principal riesgo es que el comportamiento desconocido de Cobreloa cambie completamente el total."
"sol56","Coquimbo Unido vs Cobreloa","1638395","expansion","btts","yes","","1.83","0.55","0.54","false","review-required","Hubo BTTS en 7 de 13 partidos únicos de Copa y también en la ida. Coquimbo marcó en sus tres partidos de Copa como local y Cobreloa no mantuvo su arco invicto en ninguna de sus tres salidas, aunque las dos vallas invictas locales de Coquimbo y el 4/10 reciente de Cobreloa limitan la estimación. El fallo principal es que Coquimbo controle la eliminatoria sin conceder."
"sol56","Antofagasta vs Universidad de Chile","1643186","expansion","h2h","home","","4.2","0.3","0.56","false","review-required","Antofagasta's 4-0-0 Copa home split and Universidad de Chile's reported absences support a 0.30 home-win estimate above the 0.223820 fair benchmark. Universidad still had a 3-1-0 Copa away split and stronger recent top-flight form, so an away win remains the main failure scenario."
"sol56","Antofagasta vs Universidad de Chile","1643186","expansion","double_chance","home_or_draw","","2","0.58","0.61","false","review-required","Neither side lost in its relevant four-match Copa venue split. Home-or-draw protects the Antofagasta home thesis with an estimated 0.28 draw component, producing 0.58 against a 0.482765 fair benchmark. It overlaps with the home-win candidate rather than providing independent diversification; Universidad's unbeaten away split is the principal failure scenario."
"sol56","Antofagasta vs Universidad de Chile","1643186","expansion","goals_over_under","under","2.5","1.88","0.55","0.59","false","review-required","Under 2.5 occurred in 4/8 Antofagasta and 5/8 Universidad Copa matches, while Universidad's latest three Copa fixtures produced only four aggregate goals and its reported omissions include attacking personnel. Those inputs support 0.55 versus the 0.503037 fair benchmark. The main failure scenario is the higher-scoring venue profile: Antofagasta home matches contained 15 goals and Universidad away matches 13 across four games each."
"sol56","Antofagasta vs Universidad de Chile","1643186","expansion","btts","no","","1.91","0.48","0.47","false","review-required","BTTS occurred in 5/8 Antofagasta and 4/8 Universidad Copa matches, while each club recorded three clean sheets. Universidad's reported attacking absences modestly raise the no estimate to 0.48, only 0.004976 above fair. Both teams failed to score just once in eight Copa matches, making both scoring the clear failure scenario. This candidate overlaps with under 2.5 and is not independent diversification."
"sol56","Antofagasta vs Universidad de Chile","1643186","expansion","corners_over_under","over","9.5","1.85","","0","false","blocked","The available one-sided sample cleared 9.5 in 4/7 matches and averaged 11.14 corners, but it comes from another competition and contains two 15-corner totals, including a 15-0 team-corner outlier. With no Antofagasta or Copa sample, it cannot support a defensible probability for this exact line; either side of 9.5 may be materially misrepresented."
"astra6","RB Bragantino vs Mirassol","1492392","initial","h2h","away","","4.5","0.3","0.5","false","review-required","An exploratory blend of season venue records and recent venue records supports an away-win estimate near 30%: averaging Bragantino home losses with Mirassol away wins gives 26.9% seasonally and 35% recently. Equal weighting yields approximately 31%, conservatively rounded to 30%. This assumes recent deterioration carries some predictive information without overriding season home advantage. Mirassol's stronger recent results and Palmeiras draw support that interpretation. Failure scenario: Bragantino recovers its season home form; a draw also loses this selection."
"astra6","RB Bragantino vs Mirassol","1492392","initial","double_chance","draw_or_away","","1.95","0.56","0.5","false","review-required","The same season/recent venue blend implies roughly 26% draw probability alongside approximately 30% away-win probability, giving 56% for Mirassol avoiding defeat. Season inputs caution against X2, but Mirassol avoided defeat in 3/5 recent away games while Bragantino won only 1/4 recent home games. This protects the away thesis against a draw; it is correlated with the away-win candidate, not independent diversification. Failure scenario: Bragantino wins."
"astra6","RB Bragantino vs Mirassol","1492392","initial","goals_over_under","under","3.5","1.42","","0","false","blocked","Under 3.5 wins with zero through three regulation goals. Recent league totals met that condition in 9/10 Bragantino and 7/10 Mirassol games; both season venue total-goal averages were 2.538. This supplies a conservative-line research candidate, but conflicting Walter/Muralha reports and absent scenario-specific defensive evidence prevent a defensible current estimate. Failure scenario: four or more goals, especially if defensive absences materially weaken either side."
"astra6","RB Bragantino vs Mirassol","1492392","initial","corners_over_under","over","10.5","1.83","","0","false","blocked","Over 10.5 requires at least 11 FT corners. Bragantino's cited home totals were 5, 13 and 18; Mirassol's away totals were 12, 16 and 12. Five of six cleared this line, but three observations per team and a 5–18 range do not support a stable fixture probability without a justified generalization model. Failure scenario: a low-pressure game producing ten or fewer corners."
"astra6","RB Bragantino vs Mirassol","1492392","initial","btts","no","","2.05","","0","false","blocked","BTTS no requires at least one team to finish scoreless. Bragantino had five home clean sheets and three home scoring blanks; Mirassol failed to score in 5/13 away matches. However, recent BTTS was 6/10 and 8/10, with sharply conflicting venue subsets of 1/4 and 4/5. Together with unresolved goalkeeper availability, those signals do not justify a current numerical estimate. Failure scenario: both teams score."
"astra6","Internacional vs Corinthians","1492395","initial","h2h","draw","","3.29","0.35","0.55","false","review-required","Los splits muestran 5 empates en 14 locales del Inter y 5 en 13 visitas del Corinthians; Inter empató 3 de sus últimos 5 locales. Estimo 35% mediante una síntesis conservadora de esos registros y ataques de aproximadamente 1.1 goles por partido, sin trasladar automáticamente las frecuencias. El empate exige igualdad a 90 minutos: falla si los cambios técnicos o los regresos permiten que alguno convierta una ventaja mínima en victoria"
"astra6","Internacional vs Corinthians","1492395","initial","double_chance","draw_or_away","","1.67","0.65","0.55","false","review-required","Corinthians evitó perder en 8/13 visitas; Inter ganó sólo 3/14 locales y ninguno de los últimos 5. Descuento ese apoyo por las seis derrotas ligueras consecutivas del visitante y el técnico nuevo del Inter. La distribución heurística conjunta local/empate/visitante de 35%/35%/30% da 65% a X2. Protege el empate y falla únicamente con victoria local"
"astra6","Internacional vs Corinthians","1492395","initial","goals_over_under","under","2.5","1.7","0.55","0.56","false","blocked","Las medias totales por sede son 2.286 y 2.308. Como aproximación explícita, un total Poisson de 2.30 da cerca de 60% para 0–2 goles; los registros recientes dan 10/20. Una mezcla igual, redondeada, produce 55%. No supera el benchmark justo. Tres goles bastan para perder, escenario relevante porque aparecieron exactamente tres en 7/20 registros recientes"
"astra6","Internacional vs Corinthians","1492395","initial","goals_over_under","under","3.5","1.25","0.82","0.6","false","review-required","Alternativa conservadora: permite hasta tres goles, sin push. Los registros recientes quedaron debajo de 3.5 en 17/20; un total Poisson de 2.30, anclado en las medias por sede, da aproximadamente 80%. Mezclar ambas referencias por igual y redondear conservadoramente sostiene 82%. Falla con cuatro o más goles; las bajas defensivas y un partido abierto tras un gol temprano son los principales riesgos"
"astra6","Internacional vs Corinthians","1492395","initial","corners_over_under","under","9.5","1.98","","0","false","blocked","Under 9.5 exige como máximo nueve córners y no tiene push. Ocurrió en 6/7 partidos del Inter y 2/6 del Corinthians, pero los splits pertinentes son apenas 2/3 y 0/2. Las visitas del Corinthians tuvieron 20 y 18 córners. La divergencia impide elegir una ponderación defendible para este encuentro; conservar 8/13 como pronóstico ocultaría esa incertidumbre. Diez o más córners hacen fallar el candidato"
"astra6","Internacional vs Corinthians","1492395","initial","btts","yes","","1.91","0.53","0.48","false","review-required","BTTS ocurrió en 6/10 recientes de cada equipo. Promediar ataque propio y defensa rival por sede da tasas aproximadas de 1.19 y 1.11; bajo independencia Poisson implican alrededor de 47% para que ambos marquen. Una mezcla igual con el 60% reciente da aproximadamente 53%, sin contar de nuevo los pequeños splits recientes. La ventaja es sensible a esos supuestos. Falla si cualquiera queda sin marcar, riesgo respaldado por las porterías a cero y fallos de anotación estacionales"
"astra6","Remo vs Gremio","1492397","initial","h2h","home","","2.39","","0","false","blocked","Grêmio's away record of W0 D4 L10 provides a descriptive reason to examine a Remo win, but Remo won only 3/14 at home and lost seven of its last ten league matches. A draw or continued Remo decline defeats this selection. Conflicting recovery reports materially affect the comparison, so no event estimate is assigned."
"astra6","Remo vs Gremio","1492397","initial","double_chance","home_or_draw","","1.33","","0","false","blocked","This selection includes a draw: Remo avoided defeat in 8/14 home games, while Grêmio won none of 14 away games. However, Remo avoided defeat in only 2/5 recent home games. A Grêmio away victory is the failure scenario. Current squad conflicts prevent translating these separate historical samples into a defensible fixture probability."
"astra6","Remo vs Gremio","1492397","initial","goals_over_under","under","3.5","1.36","","0","false","blocked","Each team's last ten league games included eight totals below four goals. Under 3.5 wins with zero through three goals and loses with four or more, without a push. Grêmio's 8 goals in 14 away games support examining this line, but Jajá's unresolved return and midfield fitness could change scoring assumptions. Historical frequencies remain descriptive."
"astra6","Remo vs Gremio","1492397","initial","corners_over_under","under","10.5","1.98","","0","false","blocked","Four of eight unique relevant venue matches finished with at most ten corners, which would win under 10.5; the other four had 13–16 corners. Eleven or more loses this selection. The small, widely spread sample and uncertain wide-player availability do not support a defensible event estimate."
"astra6","Remo vs Gremio","1492397","initial","btts","no","","2.05","","0","false","blocked","Grêmio failed to score in 7/14 season away games and 3/5 recent away games, supporting examination of at least one team remaining scoreless. Counter-evidence is Remo's two clean sheets in 14 home games and recent BTTS counts of 7/10 and 6/10. Both teams scoring defeats this selection; unresolved availability prevents a defensible estimate."
"astra6","Vitoria vs Chapecoense-sc","1492399","initial","h2h","home","","1.68","","0","false","blocked","Vitória won 9/14 season home matches and Chapecoense lost 9/14 away, supporting examination of a regulation home win. However, Vitória won only 2/5 recent home matches, while Chapecoense earned four points in its latest two away matches. A draw or continuation of Vitória's weaker recent form defeats this selection. The material availability conflict prevents a current-fixture estimate."
"astra6","Vitoria vs Chapecoense-sc","1492399","initial","double_chance","home_or_draw","","1.17","","0","false","blocked","Home-or-draw covers Vitória's 10/14 season home non-losses and Chapecoense's 13/14 away non-wins. Vitória's recent home non-loss count fell to 2/5, so protection does not establish value at this price. A Chapecoense win is the failure scenario. This overlaps the home-win thesis and is not independent diversification."
"astra6","Vitoria vs Chapecoense-sc","1492399","initial","goals_over_under","under","3.5","1.36","","0","false","blocked","Under 3.5 wins with zero through three regulation goals, without a push. That boundary held in 7/10 recent Vitória league matches and 6/10 Chapecoense matches. Season venue scoring rates support examining this conservative line, but differing recent scoring environments and disputed defensive availability prevent a defensible fixture estimate. Four or more goals, including a one-sided defensive collapse, defeats it."
"astra6","Vitoria vs Chapecoense-sc","1492399","initial","corners_over_under","over","9.5","1.68","0.62","0.4","false","review-required","Eight unique venue-matched league matches have mean FT corners 10.625; six reached at least ten. An illustrative Poisson count assumption using that mean gives approximately 0.62 for ten or more, rather than copying the observed 6/8 frequency. Over 9.5 has no push and loses at nine or fewer. Low attacking width or a quieter match state is the main failure scenario. Corners evidence supports an estimate independently of Doma's conflict, but the uncleared shared gate prevents promotion."
"astra6","Vitoria vs Chapecoense-sc","1492399","initial","btts","no","","1.95","","0","false","blocked","BTTS no requires at least one team to finish regulation without scoring. Vitória's nine clean sheets in 14 home matches and BTTS in only 1/5 recent home matches support examining it. Contrary evidence is substantial: Chapecoense scored in 9/14 away matches and had BTTS in 5/6 recent away matches. Both scoring is the failure scenario; the material defensive conflict prevents a current-fixture estimate."
"astra6","Botafogo vs Vasco DA Gama","1492391","initial","h2h","home","","2.7","0.4","0.55","false","review-required","Botafogo won 5/14 season home matches; Vasco lost 7/13 away. Recent corresponding figures, 1/6 home wins and 3/5 away losses, weaken that advantage. A judgmental 40% home-win estimate discounts the season signal for Botafogo's frequent draws, Vasco's improvement and unresolved returning-player fitness. Gómez's suspension supports caution about Vasco's attack, without assigning an unsupported numerical injury adjustment. A draw is the main failure scenario."
"astra6","Botafogo vs Vasco DA Gama","1492391","initial","double_chance","home_or_draw","","1.5","0.74","0.59","false","review-required","Botafogo avoided defeat in 11/14 season home games and 5/6 recent home games; Vasco won only 1/13 season away games but improved recently. The 74% estimate conservatively discounts those descriptive non-loss rates and corresponds to a judgmental home/draw/away distribution of 40%/34%/26%. Draw protection directly addresses Botafogo's 4/6 recent home draws. Failure requires a Vasco win, plausible if its improved attack overcomes Gómez's absence and Botafogo's fitness problems."
"astra6","Botafogo vs Vasco DA Gama","1492391","initial","goals_over_under","under","2.5","2.06","0.53","0.56","false","review-required","Season venue total-goal means average about 2.956, versus 2.167 for recent comparable venues. Equal weighting gives an illustrative Poisson total intensity near 2.56, implying approximately 53% for zero to two goals. Recent venue unders, 4/6 and 3/5, support the direction without being treated as forecasts. Reported attacking absences support caution, but defensive absences and returning-player fitness prevent a stronger conclusion. Three or more goals lose, particularly if season scoring levels reassert themselves."
"astra6","Botafogo vs Vasco DA Gama","1492391","initial","goals_over_under","under","3.5","1.41","0.745","0.56","false","review-required","The same illustrative total intensity near 2.56 implies approximately 74.5% for at most three goals. Botafogo had 8/10 recent league totals below 3.5 and Vasco 7/10, descriptive corroboration rather than independent calibration. This line also wins at exactly three goals, unlike under 2.5. Four or more goals remain a material risk given higher season venue scoring and uncertain defensive availability."
"astra6","Botafogo vs Vasco DA Gama","1492391","initial","btts","no","","2.2","0.5","0.51","false","review-required","BTTS-no occurred in 6/10 recent league matches for each team, but relevant venue counts diverge: Botafogo 2/6 and Vasco 3/5. A judgmental 50% estimate balances the broader recent signal against Botafogo's home BTTS tendency and higher season scoring. Vasco's four season away scoring blanks and Gómez's suspension support the possibility of one scoreless side; season marginals are not converted into a joint BTTS frequency. Failure occurs whenever both score, including a low-total 1–1."
"astra6","Botafogo vs Vasco DA Gama","1492391","initial","corners_over_under","under","9.5","2.27","","0","false","blocked","Under 9.5 requires at most nine full-time corners. It occurred in 2/5 comparable Botafogo home matches and 2/3 Vasco away matches. Those eight unique matches cannot establish a reliable fixture probability; the combined descriptive count is not used as a forecast. Ten or more corners lose, and three Botafogo home observations reached 14–15."
"astra6","Cruzeiro vs Sao Paulo","1492393","initial","h2h","home","","1.88","0.55","0.6","false","review-required","Cruzeiro won 7/14 home matches while São Paulo lost 9/14 away; recent target-venue records strengthen the home direction. A judgmental 55% estimate discounts those descriptive frequencies for uneven opposition, Calleri's return and Fabrício Bruno's reported absence. São Paulo's documented absences provide a counterweight. A draw or improved visiting attack is the principal failure scenario."
"astra6","Cruzeiro vs Sao Paulo","1492393","initial","double_chance","home_or_draw","","1.22","0.8","0.6","false","review-required","Cruzeiro avoided defeat in 11/14 home matches and São Paulo failed to win 12/14 away. An uncertain 80% estimate allows for Calleri's return and Cruzeiro's defensive absence; it is consistent with home/draw/away probabilities of 55%/25%/20%. This protects the home-win thesis against a draw but shares its directional exposure. A São Paulo win defeats both candidates. Despite positive fair-benchmark edge, the offered price implies estimated return of -2.4%."
"astra6","Cruzeiro vs Sao Paulo","1492393","initial","goals_over_under","over","2.5","2","0.53","0.54","false","review-required","Three or more goals occurred in 8/10 recent Cruzeiro league matches and 4/10 São Paulo matches, but target-venue rates diverge at 3/4 versus 1/4. The 53% judgmental estimate discounts the pooled recent frequency because season target-venue scoring and conceding rates suggest a lower total. Calleri's availability and Fabrício Bruno's absence support some upward uncertainty, offset by São Paulo's attacking absences. A low-scoring visiting performance or controlled 1–0/2–0 home win is the main failure scenario."
"astra6","Cruzeiro vs Sao Paulo","1492393","initial","goals_over_under","under","3.5","1.31","0.78","0.54","false","review-required","At most three goals occurred in 6/10 recent Cruzeiro league matches and all 10 São Paulo matches. Season venue rates support a moderate total. The judgmental 78% estimate discounts the combined 80% descriptive frequency for Cruzeiro's four recent four-goal games, Calleri's return and the reported defensive absence. This higher-probability alternative wins at exactly three goals alongside over 2.5; four or more goals is its failure scenario."
"astra6","Cruzeiro vs Sao Paulo","1492393","initial","btts","yes","","1.8","0.56","0.5","false","review-required","Recent BTTS records of 8/10 and 6/10 favor yes, with target-venue observations of 3/4 and 2/4. The 56% judgmental estimate substantially discounts those frequencies because São Paulo failed to score in 5/14 away matches and averaged only 0.79 away goals. Calleri's return and Fabrício Bruno's reported absence help the visiting scoring case, while Luciano's absence offsets it. Either team failing to score defeats this selection, particularly São Paulo."
"astra6","Cruzeiro vs Sao Paulo","1492393","initial","corners_over_under","under","9.5","2.04","","0","false","blocked","Under 9.5 wins with at most nine FT corners. Cruzeiro's two comparable home totals, six and nine, satisfy it; São Paulo's two away totals, 10 and 15, both defeat it. These four distinct matches establish settlement coverage but cannot resolve the divergent venue patterns. Ten or more corners is the failure scenario; no probability is assigned."
"astra6","Jordan W vs Armenia W","1638733","initial","h2h","home","","1.53","0.6","0.32","false","review-required","Jordan won its two June home friendlies; Armenia lost three of four qualifiers, including both away matches. A subjective, uncalibrated 60% estimate assumes this directional advantage partially transfers, with substantial allowance for different opponents and competitions. It is not the historical win frequency. A draw, as Armenia achieved against Kazakhstan, or friendly rotation defeats this selection. The small fair-probability edge does not overcome the offered price."
"astra6","Jordan W vs Armenia W","1638733","initial","double_chance","home_or_draw","","1.17","0.8","0.32","false","blocked","Jordan avoided defeat in both observed home friendlies, while Armenia won none of four qualifiers. An uncertain 80% estimate allows a material 20% away-win risk because those samples are small and competitively different. Together with the home estimate, this implies 20% draw probability. Draw protection reduces outcome risk but shares the home-win thesis; it is not independent diversification. An Armenian improvement or substantial Jordan rotation is the principal failure scenario."
"astra6","Jordan W vs Armenia W","1638733","initial","goals_over_under","under","3.5","1.39","0.64","0.28","false","blocked","Under 3.5 wins with zero through three regulation goals, without a push. Jordan's friendly totals of 7 and 1 split this line; Armenia's separate qualifier totals of 3, 3, 2 and 6 fell below it three times. The subjective 64% estimate assumes some transfer of Armenia's lower-scoring results while retaining substantial high-total risk from both samples; it is not a pooled historical frequency. Four or more goals, including a one-sided defensive collapse, cause failure. The conservative line offers no positive fair-probability edge."
"astra6","Mladá Boleslav II vs Varnsdorf","1562767","initial","h2h","home","","1.95","","0","false","blocked","La victoria local tiene respaldo descriptivo en el 5G-1E-2P de Mladá y los tres partidos ligueros sin ganar de Varnsdorf. Sin embargo, Mladá ganó apenas 2/4 en casa y Varnsdorf perdió 1/3 fuera; un empate o triunfo visitante derrota esta selección. La incertidumbre material de disponibilidad impide una estimación defendible para este encuentro"
"astra6","Mladá Boleslav II vs Varnsdorf","1562767","initial","double_chance","home_or_draw","","1.3","","0","false","blocked","1X cubre el empate además del triunfo local. Mladá evitó perder en 6/8 encuentros, pero solo en 2/4 como local; Varnsdorf ganó 1/3 salidas, el escenario que hace fallar esta selección. Comparte la tesis direccional del triunfo local y no aporta diversificación independiente. Se conserva como candidato bloqueado, sin atribuir alta probabilidad a su cuota corta"
"astra6","Mladá Boleslav II vs Varnsdorf","1562767","initial","goals_over_under","over","2.5","1.57","","0","false","blocked","Over 2.5 requiere al menos tres goles, sin reembolso: ocurrió en los cuatro partidos locales de Mladá y las tres salidas de Varnsdorf. Es evidencia específica de goles, distinta del resultado. Los últimos marcadores ligueros, 1-0 y 1-1, ilustran el fallo con dos goles o menos. Los siete antecedentes no justifican extrapolar una probabilidad mientras siga sin resolverse la disponibilidad actual"
"astra6","Gnistan vs Inter Turku","1638101","initial","h2h","draw","","3.69","0.33","0.55","false","review-required","Both season venue splits contain four draws in 13 matches; recent draws are Gnistan 3/5 home and Inter 2/6 away. A judgmental 33% estimate gives substantially more weight to the season baseline than the small recent samples. Gnistan's unbeaten run supports competitiveness, but Inter's seven season away wins illustrate the main failure scenario: an away victory."
"astra6","Gnistan vs Inter Turku","1638101","initial","double_chance","home_or_draw","","1.91","0.62","0.53","false","review-required","Gnistan avoided defeat in 10/13 season home matches, while Inter failed to win 6/13 away; their equal-weight descriptive midpoint is about 62%. Recent corresponding counts, 4/5 and 3/6, support a similar range. The judgmental 62% estimate retains substantial away-win risk and is consistent with home/draw/away probabilities of 29%/33%/38%. This protects the draw candidate with a home win and shares its resistance-to-Inter thesis; it is not independent diversification. Inter superiority, acknowledged by Gnistan's coach about July, is the principal failure scenario."
"astra6","Gnistan vs Inter Turku","1638101","initial","goals_over_under","under","2.5","2.09","0.53","0.56","false","review-required","Season target-venue total means average approximately 2.85 goals, versus 2.03 recently. An assumed 65% season/35% recent weighting gives approximately 2.56; a simple Poisson approximation yields about 53% for zero to two goals. This discounts recent under counts of 4/5 Gnistan home and 4/6 Inter away rather than copying them as a forecast. Three or more goals lose, with Gnistan's higher season home scoring environment the main counter-evidence."
"astra6","Gnistan vs Inter Turku","1638101","initial","goals_over_under","under","3.5","1.42","0.75","0.56","false","review-required","Conservative alternative to under 2.5: the same approximately 2.56-goal Poisson assumption gives roughly 75% for at most three goals. Recent league under-3.5 counts of 7/10 and 9/10 support the direction without being treated as independent forecasts. Exactly three goals win here; four or more lose. A return to Gnistan's more open season home pattern is the main failure scenario."
"astra6","Gnistan vs Inter Turku","1638101","initial","btts","no","","2.1","0.48","0.43","false","review-required","Matching each team's venue scoring rate with its opponent's conceding rate, then weighting season/recent context 65%/35%, gives approximate scoring means of 1.21 and 1.35. Assuming independent Poisson scoring yields about 48% that at least one team fails to score. Inter's six away clean sheets in 13 support this possibility, but Gnistan's recent home BTTS 4/5 counters Inter away 2/6. Both teams scoring, especially another 1–1, defeats the selection."
"astra6","Gnistan vs Inter Turku","1638101","initial","corners_over_under","under","9.5","1.91","","0","false","blocked","Under 9.5 requires at most nine regulation-time corners. Inter's two relevant away totals were five and six, and July's shared meeting had seven; however, Gnistan's two home totals were both 11. Those opposing, tiny venue samples cannot establish a reliable probability. A repeat of Gnistan's observed home corner totals defeats this analytical candidate."
"astra6","Forge vs Pacific FC","1517309","expansion","h2h","home","","1.25","0.62","0.55","false","blocked","Forge's 8/12 home wins, Pacific's 6/12 away losses and six reported clean-sheet head-to-head wins support a home advantage. The judgmental 0.62 estimate gives greater weight to season venue records than the small recent samples, while allowing for Forge's three successive draws and missing Bertaud and Babouli. A draw after another surrendered lead is the main failure scenario; the evidence does not justify the market's 0.740442 benchmark."
"astra6","Forge vs Pacific FC","1517309","expansion","double_chance","draw_or_away","","3.4","0.38","0.52","false","review-required","The 0.38 estimate is the complement of the 0.62 home-win estimate. Forge failed to win 4/12 season home games and 3/6 recent home games; Pacific avoided defeat in 6/12 season away games and 4/6 recent away games. These overlapping, opponent-dependent samples support more draw protection than the quoted benchmark implies, without treating their frequencies as forecasts. Failure is a Forge win, supported by its superior season record and head-to-head history."
"astra6","Forge vs Pacific FC","1517309","expansion","goals_over_under","under","2.5","2.75","0.46","0.53","false","review-required","Under 2.5 requires at most two regulation goals. It occurred in 6/10 recent league games for each team and 3/6 at each relevant venue. Averaging the opposing season attack and concession rates gives a rough total-goals baseline of 3.125, which tempers the historical under frequencies. A judgmental blend supports 0.46, with Bertaud's absence and Pacific's defensive volatility limiting conviction. Three or more goals, especially from another defensive collapse, defeat the selection."
"astra6","Forge vs Pacific FC","1517309","expansion","goals_over_under","under","3.5","1.81","0.65","0.54","false","review-required","This conservative alternative also wins with exactly three goals. Recent under-3.5 counts are Forge 8/10 and Pacific 6/10; relevant venue counts are 4/6 and 3/6. Balancing these distributions against the rough 3.125 season-rate baseline supports 0.65 rather than directly adopting a historical frequency. Together with the under-2.5 estimate, this assigns 0.19 to exactly three goals. Four or more goals remain a material risk given Pacific's recent away totals of five, seven and six."
"astra6","Forge vs Pacific FC","1517309","expansion","btts","no","","1.83","0.52","0.45","false","review-required","BTTS-no requires at least one team to finish scoreless. The recent relevant venue samples are evenly split, while Forge's seven home clean sheets in 12 and the reported clean-sheet head-to-head run modestly favor no. The judgmental 0.52 estimate limits that adjustment because Bertaud is absent, Pacific scored in 8/12 season away games and both teams had BTTS in 6/10 recent league matches. A Pacific goal alongside the stronger Forge attack is the principal failure scenario."
"astra6","Forge vs Pacific FC","1517309","expansion","corners_over_under","under","9.5","1.73","","0","false","blocked","Under 9.5 wins with at most nine full-time corners. Forge's four available home totals were 8, 7, 8 and 9, but Pacific's five away totals were 10, 11, 11, 9 and 6. Those small, incomplete and contrasting samples support recording the candidate, but not assigning a reliable probability. Ten or more corners, consistent with three of Pacific's five observed away matches, defeat it."
"astra6","York United vs Supra du Quebec","1517361","expansion","h2h","home","","2.45","","0","false","blocked","York's recent home W3 D2 L1 and Supra's recent away W1 D1 L3 support examining a regulation home win. Season splits are less decisive: York won 5/12 at home and Supra won 4/12 away. A draw or Supra exploiting York's vulnerable defense defeats this selection. The material personnel conflict prevents translating these historical inputs into a current probability."
"astra6","York United vs Supra du Quebec","1517361","expansion","double_chance","home_or_draw","","1.57","","0","false","blocked","Home-or-draw covers York's non-loss outcome, observed in 8/12 season home matches and 5/6 recent home matches. It protects the home-win candidate against a draw, including the prior 1–1 meeting, but loses on any Supra victory; Supra won 4/12 season away matches. This is overlapping protection, not independent diversification. The shared personnel conflict keeps the forecast null."
"astra6","York United vs Supra du Quebec","1517361","expansion","goals_over_under","over","2.5","1.45","","0","false","blocked","Over 2.5 requires at least three regulation goals, with no push. It occurred in 5/6 recent York home matches and 3/5 recent Supra away matches; season target-venue scoring/conceding rates also support examining this line. Two goals or fewer, as in their prior 1–1, defeats it. The unresolved personnel conflict blocks a current probability despite supported historical facts."
"astra6","York United vs Supra du Quebec","1517361","expansion","corners_over_under","under","9.5","2","","0","false","blocked","Under 9.5 requires at most nine FT corners, excluding extra time. Supra's away sample was under in 3/5, but York's home sample was under in only 2/6; deduplicating their shared match leaves five unders in ten unique fixtures. Ten or more corners defeats the candidate, and the shared meeting produced 11. Mixed small samples and the material conflict do not support a current estimate."
"astra6","York United vs Supra du Quebec","1517361","expansion","btts","yes","","1.44","","0","false","blocked","BTTS yes requires each side to score in regulation. York's season home BTTS was 11/12 and recent home BTTS 6/6; Supra's recent away BTTS was 3/5. Either team failing to score defeats this selection, and Supra's latest three league games all ended BTTS no. Those counterexamples and the unresolved personnel conflict prevent a current estimate. This overlaps with goals over but has distinct settlement."
"astra6","America Mineiro vs Fortaleza EC","1520910","expansion","h2h","away","","1.85","0.52","0.55","false","review-required","América lost 9/15 season home matches; Fortaleza won 5/15 season away matches but improved to 3/4 recent away wins against mixed opposition. A judgmental 52% estimate gives partial weight to that improvement while retaining substantial draw risk from Fortaleza's six recent draws. Only an outright away win succeeds. At 1.85, estimated return is -3.8%, preventing promotion."
"astra6","America Mineiro vs Fortaleza EC","1520910","expansion","double_chance","draw_or_away","","1.2","0.78","0.55","false","review-required","Fortaleza avoided defeat in 10/15 season away matches and all four recent away matches; América won 3/15 season home matches. Regressing the recent unbeaten run toward season evidence supports approximately 78%, comprising 52% away win and 26% draw. An América win defeats this selection. Protection against a draw reduces variance but the estimated return at 1.20 is -6.4%. This overlaps the away-win thesis."
"astra6","America Mineiro vs Fortaleza EC","1520910","expansion","goals_over_under","under","2.5","1.81","0.64","0.61","false","review-required","Under 2.5 occurred in 13/20 recent matches and 6/9 target-venue observations. Season scoring rates of 0.80 for América at home and 0.733 for Fortaleza away support a restrained total. The judgmental 64% estimate discounts those descriptive frequencies for mixed opposition and América's 19 recent goals conceded. Zero to two goals win; an early goal followed by defensive deterioration producing three or more is the main failure scenario."
"astra6","America Mineiro vs Fortaleza EC","1520910","expansion","goals_over_under","under","3.5","1.28","0.83","0.59","false","review-required","Conservative alternative: 17/20 recent matches and 8/9 target-venue observations finished with at most three goals. An 83% judgmental estimate discounts these frequencies for limited samples and defensive tail risk. Exactly three goals wins this line while losing under 2.5; four or more defeats it. The estimated return at 1.28 is positive, but both totals express the same low-scoring thesis."
"astra6","America Mineiro vs Fortaleza EC","1520910","expansion","corners_over_under","under","10.5","1.73","0.58","0.43","false","review-required","Under 10.5 occurred in 3/5 América home and 3/4 Fortaleza away observations. The broader supplied claims show 11/20 unders, countering extrapolation of the venue rate. A conservative synthesis gives approximately 58%, rather than copying 6/9. Ten corners wins without a push; sustained chasing and crossing producing at least eleven defeats it. The narrow estimated price advantage is insufficiently robust."
"astra6","America Mineiro vs Fortaleza EC","1520910","expansion","btts","no","","1.83","0.62","0.58","false","review-required","BTTS-no occurred in 6/9 target-venue observations versus 11/20 overall recent matches. América's four consecutive scoreless matches and Fortaleza's 7/15 season away clean sheets support weighting venue evidence more heavily, with regression yielding a judgmental 62%. At least one team must finish scoreless, including 0–0. An América scoring recovery combined with its vulnerable defense is the principal failure scenario."
"astra6","Avai vs Londrina","1520911","expansion","h2h","home","","2.15","0.41","0.5","false","blocked","Londrina lost 10/15 away, but Avaí won only 5/15 at home and both lost six of their last ten. Rounded result estimates of home 0.41, draw 0.29 and away 0.30 reflect a modest home advantage, reduced by Penha/Vizeu suspensions and Londrina's reported returns. A low-scoring draw or another Avaí scoring failure defeats this selection."
"astra6","Avai vs Londrina","1520911","expansion","double_chance","home_or_draw","","1.28","0.7","0.5","false","blocked","The result distribution assigns home-or-draw 0.41 + 0.29 = 0.70. Londrina won only 3/15 away, but Avaí lost 6/15 at home and its attacking suspensions weaken protection against an away win. This covers draws while retaining the home-win candidate's directional thesis; it is not independent diversification."
"astra6","Avai vs Londrina","1520911","expansion","goals_over_under","under","2.5","1.65","0.62","0.52","false","review-required","Season venue rates imply an initial scoring mean near 2.37. An explicitly assumed reduction to 2.20, split approximately 1.20/1.00, reflects Avaí's attacking suspensions, recent scoring weakness and Londrina's outlier dependence, while allowing for returns. An independent-Poisson approximation gives about 0.62 for zero to two goals. Counter-evidence is substantial: 11/20 recent matches had at least three goals; another three-goal result loses outright."
"astra6","Avai vs Londrina","1520911","expansion","goals_over_under","under","3.5","1.23","0.82","0.52","false","review-required","The same assumed 2.20 total scoring mean gives approximately 0.82 for at most three goals. Eighteen of the 20 recent matches finished below 3.5, supporting this direction without treating 90% as the forecast. This conservative alternative also covers exactly three goals, observed nine times. Four or more goals, particularly after an early goal or defensive disruption, defeat it."
"astra6","Avai vs Londrina","1520911","expansion","corners_over_under","under","10.5","1.73","0.56","0.3","false","review-required","Five of eight distinct venue-matched fixtures had at most ten corners, but team means differ at 11.25 and 9.00. A conservative judgmental estimate of 0.56 discounts the descriptive 0.625 frequency toward an uncertain direction; it is not a fitted corners forecast. The 10.5 line has no push. Three observed 14-corner matches show the principal failure scenario."
"astra6","Avai vs Londrina","1520911","expansion","btts","no","","1.83","0.56","0.5","false","review-required","Each club failed to score in six of 15 relevant season venue matches, and Avaí loses Penha and Vizeu. The assumed scoring rates 1.20/1.00 give approximately 0.56 for at least one team scoring zero. Counter-evidence includes Londrina conceding in every away game and BTTS in 9/15 away matches. Both teams converting even once, including a 1–1 draw, defeats this selection."
"astra6","CRB vs Atletico Goianiense","1520913","expansion","h2h","home","","1.95","","0","false","blocked","CRB's recent home W4 D1 L0 and season home W8 D3 L4 support inspecting a regulation-time home win. Atlético's season away W5 D6 L4 provides substantial counter-evidence; either a draw or away win defeats this selection. The material personnel conflict prevents a defensible current event estimate under the supplied scoring rules."
"astra6","CRB vs Atletico Goianiense","1520913","expansion","double_chance","home_or_draw","","1.28","","0","false","blocked","CRB avoided defeat in 11/15 season home matches and 5/5 recent home matches. This selection covers a regulation-time draw as well as a home win, but loses if Atlético wins; Atlético won 5/15 season away matches. It is a protected expression of the home-win thesis, not independent diversification. Retained for required market coverage, with probability withheld because the shared personnel conflict remains material."
"astra6","CRB vs Atletico Goianiense","1520913","expansion","goals_over_under","under","3.5","1.31","","0","false","blocked","Eight of each team's last ten matches finished with at most three goals, making under 3.5 a relevant conservative candidate: zero through three goals win, four or more lose, with no push. CRB home season matches averaged 3.0 total goals versus 1.8 for Atlético away, so the environments differ. Defensive personnel uncertainty could increase the four-goal tail; no forecast or edge is inferred from the historical counts."
"astra6","CRB vs Atletico Goianiense","1520913","expansion","corners_over_under","over","10.5","2","","0","false","blocked","At least 11 regulation-time corners occurred in 2/5 CRB home matches and 4/5 Atlético away matches; respective means were 10.4 and 11.4. Over 10.5 wins at 11 or more and loses at ten or fewer, with no push. CRB's three home totals below ten illustrate the failure scenario. Small samples and unresolved wide-player availability prevent a defensible current estimate."
"astra6","CRB vs Atletico Goianiense","1520913","expansion","btts","no","","1.91","","0","false","blocked","BTTS occurred in only 1/5 recent Atlético away matches, supporting inspection of 'no', but in 3/5 recent CRB home matches. This selection wins when at least one team finishes scoreless, including 0–0; it fails whenever both score, even at 1–1. The conflicting venue tendencies and material personnel discrepancy prevent assigning a current probability. Its clean-sheet thesis overlaps with, but is distinct from, under 3.5."
"astra6","Operario-PR vs Botafogo SP","1520916","expansion","h2h","home","","1.91","0.44","0.53","false","blocked","Equal-weight averaging of venue scoring and opposing concession rates gives approximate goal intensities of 1.233 for Operário and 0.900 for Botafogo. An independent-Poisson approximation puts a regulation home win near 44%. Operário's 7/15 season home wins support its directional advantage, but only 1/4 recent home wins and attacking absences temper it. A draw or another home scoring failure defeats this selection."
"astra6","Operario-PR vs Botafogo SP","1520916","expansion","double_chance","home_or_draw","","1.28","0.73","0.53","false","blocked","The same venue-rate approximation supports roughly 73% for a home win or draw. Operário avoided defeat in 12/15 home games and 3/4 recently, but those frequencies are descriptive rather than the forecast. Protection covers the substantial draw scenario; a Botafogo away win remains the failure case. This overlaps the home-win thesis and is not independent diversification."
"astra6","Operario-PR vs Botafogo SP","1520916","expansion","goals_over_under","under","2.5","1.72","0.64","0.58","false","review-required","A Poisson total with mean approximately 2.133, derived from both season venue scoring and concession rates, assigns about 64% to zero through two goals. Botafogo's 0.600 away scoring rate supports this estimate. Recent combined samples were only 50% under 2.5, so the estimate depends on prioritizing season venue information. Three goals lose outright; Botafogo's replacement defence is the main upside risk to scoring."
"astra6","Operario-PR vs Botafogo SP","1520916","expansion","goals_over_under","under","3.5","1.26","0.83","0.58","false","review-required","The same approximate 2.133-goal total yields about 83% for at most three goals, corroborated descriptively by 8/10 under 3.5 matches for each team. This conservative alternative covers exactly three goals, which defeats under 2.5, while retaining positive estimated edge. Four or more goals, potentially following defensive disruption, defeat it."
"astra6","Operario-PR vs Botafogo SP","1520916","expansion","corners_over_under","over","10.5","1.83","0.52","0.4","false","review-required","At least 11 corners occurred in 11/20 unique recent matches, versus 4/8 in the target-venue subsets. A cautious 52% judgment shrinks the overall frequency toward the venue split, treating those subsets as overlapping evidence. The 23-corner outlier does not justify extrapolating the away mean. Ten or fewer corners lose; low-tempo matches are well represented in the venue evidence."
"astra6","Operario-PR vs Botafogo SP","1520916","expansion","btts","no","","1.8","0.58","0.56","false","review-required","Goal intensities of approximately 1.233 and 0.900 imply about 58% that at least one side finishes scoreless under independence. Direct joint-event evidence supports the direction: Botafogo blanked in 9/15 away games, Operário kept 7/15 home clean sheets, and recent venue BTTS occurred in 2/4 and 1/4. Both teams scoring, including a 1-1 draw, defeats this selection even when under 2.5 succeeds."
"astra6","Popayan vs Union Magdalena","1549587","expansion","h2h","home","","3.7","","0","false","blocked","Candidato descriptivo: Popayan ganó sus últimos cuatro partidos y suma 5V/2E/3D recientes, con resultados corroborados por web. Para cobrar necesita ganar a 90 minutos; el empate también implica pérdida. Sus apenas 3 victorias en 12 encuentros locales y las 9 victorias visitantes de Unión en 16 salidas son contraevidencia. El conflicto vigente de estado y sede impide trasladar estos antecedentes a una estimación del encuentro"
"astra6","Popayan vs Union Magdalena","1549587","expansion","double_chance","home_or_draw","","1.73","","0","false","blocked","El 1X cubre victoria local o empate: Popayan quedó invicto en 9/12 partidos locales de temporada y 4/5 recientes. El principal escenario de pérdida es una victoria de Unión, que ganó 9/16 salidas de temporada. Comparte la tesis favorable al local del h2h y no constituye diversificación independiente. Se conserva por cobertura del mercado, sin probabilidad por el conflicto material del encuentro"
"astra6","Popayan vs Union Magdalena","1549587","expansion","goals_over_under","over","2.5","2.38","","0","false","blocked","Más de 2.5 requiere al menos tres goles a 90 minutos, sin devolución. Ocurrió en 7/10 partidos recientes de Popayan y 4/10 de Unión; en las sedes objetivo, 3/5 y 3/6. Es una hipótesis distinta del ganador, aunque no se presume independencia. La muestra divergente y los totales de temporada de 28/12 y 41/16 advierten del escenario de cero a dos goles. Estado y sede pendientes impiden una estimación defendible para este encuentro"
"astra6","Fagiano Okayama vs JEF United Chiba","1635588","expansion","h2h","home","","1.76","","0","false","blocked","Candidato nominal a victoria de Okayama en 90 minutos: consta un triunfo 2-1 ante Chiba en septiembre y resultados competitivos favorables, pero la serie actual está incompleta. Okayama figura como home aunque físicamente visita a Chiba; no corresponde atribuirle ventaja de campo ni estimar probabilidad hasta reconciliar el conflicto. Un empate o triunfo de Chiba hace fallar la selección"
"astra6","Fagiano Okayama vs JEF United Chiba","1635588","expansion","double_chance","home_or_draw","","1.14","","0","false","blocked","La protección nominal Okayama o empate cubre dos resultados en 90 minutos. Okayama evitó perder en 2/3 antecedentes J1 antiguos y ambos equipos empataron o ganaron su único antecedente copero, pero esas frecuencias no son una estimación para esta sede. Comparte la tesis direccional del h2h y falla con victoria de Chiba"
"astra6","Fagiano Okayama vs JEF United Chiba","1635588","expansion","goals_over_under","over","2.5","1.99","","0","false","blocked","Over 2.5 exige al menos tres goles reglamentarios, sin devolución. Se observó en 1/3 partidos J1 antiguos de Okayama y 4/6 de Chiba; los resultados oficiales omitidos incluyen totales de seis y tres goles. El 0-0 copero de Chiba aporta contraevidencia. La cobertura incompleta y los conflictos materiales impiden convertir estos datos en una probabilidad defendible; cero, uno o dos goles hacen fallar la selección"
"astra6","Fagiano Okayama vs JEF United Chiba","1635588","expansion","btts","yes","","1.95","","0","false","blocked","BTTS yes exige que ambos marquen en 90 minutos. El registro J1 antiguo muestra 2/3 para Okayama y 3/6 para Chiba, frente a 0/1 para cada equipo en Emperor Cup. La suspensión de Suárez no demuestra que Chiba vaya a marcar ni permite cuantificar su defensa sustituta. Una portería a cero hace fallar la selección; los conflictos impiden asignar una probabilidad defendible"
"astra6","Coquimbo Unido vs Cobreloa","1638395","expansion","h2h","home","","1.67","","0","false","blocked","Coquimbo's cup home W2 D1 L0 and Cobreloa's cup away W0 D1 L2 support examining a regulation home win, with only three matches per venue. Coquimbo's recent Primera División W1 D2 L4 provides counter-evidence; Cobreloa's Primera B results are not directly comparable. A draw or away win defeats this candidate. The material personnel conflict prevents a defensible fixture-specific estimate."
"astra6","Coquimbo Unido vs Cobreloa","1638395","expansion","double_chance","home_or_draw","","1.18","","0","false","blocked","Home-or-draw covers Coquimbo avoiding defeat in regulation, observed in 7/7 cup matches and 3/3 cup home matches. However, Coquimbo avoided defeat in only 2/4 recent domestic-league home matches, while Cobreloa did so in 4/5 Primera B away matches. A Cobreloa regulation win is the failure scenario. This protects the home-win thesis against a draw and is not independent diversification."
"astra6","Coquimbo Unido vs Cobreloa","1638395","expansion","goals_over_under","under","2.5","1.9","","0","false","blocked","Under 2.5 requires at most two regulation goals, with no push. Nine of 13 unique cup fixtures met that condition, but Cobreloa's three cup away totals were 3, 3 and 4. Recent league groups also differ and cannot be pooled as equivalent. Three or more goals, including a repeat of the 2–1 first leg, defeats the candidate. Unresolved attacking and defensive availability prevents a defensible estimate."
"astra6","Coquimbo Unido vs Cobreloa","1638395","expansion","corners_over_under","over","9.5","1.8","","0","false","blocked","Over 9.5 requires at least ten FT corners. Coquimbo's three observed home totals were 16, 8 and 12, but those Primera División observations cannot establish this bilateral cup total without Cobreloa data. Nine or fewer corners defeats the candidate. This is an unsupported coverage candidate, not an estimated edge."
"astra6","Coquimbo Unido vs Cobreloa","1638395","expansion","btts","no","","1.83","","0","false","blocked","BTTS no requires at least one team to finish regulation without scoring. Coquimbo kept two clean sheets in three cup home matches, but Cobreloa scored and conceded in all three cup away matches. Recent BTTS counts also diverge: Coquimbo 5/7 in Primera División and Cobreloa 3/9 in Primera B. Both teams scoring is the failure scenario; conflicting venue signals and unresolved personnel prevent a defensible estimate."
"astra6","Antofagasta vs Universidad de Chile","1643186","expansion","h2h","home","","4.2","","0","false","blocked","Antofagasta's four wins from four cup home matches justify retaining a home-win candidate for review. Universidad's 3W-1D nominal away cup record and 5W-2L recent top-division record provide counter-evidence. A draw or away win defeats this 90-minute selection. Unverified Antofagasta availability and substantial reported Universidad changes make a numerical strength estimate indefensible under the supplied material-conflict rule."
"astra6","Antofagasta vs Universidad de Chile","1643186","expansion","double_chance","home_or_draw","","2","","0","false","blocked","Antofagasta avoided defeat in all eight cup matches, including four at home. Home-or-draw also covers a 90-minute draw, but fails if Universidad wins; Universidad's unbeaten nominal away cup record challenges the home thesis. This overlaps the home-win candidate and is not independent diversification. Material squad uncertainty prevents converting the historical non-loss record into a fixture probability."
"astra6","Antofagasta vs Universidad de Chile","1643186","expansion","goals_over_under","under","2.5","1.88","","0","false","blocked","Under 2.5 wins with zero to two regulation-time goals and loses with three or more. Cup unders occurred in 4/8 Antofagasta and 5/8 Universidad matches; Universidad's latest three cup games were all unders. Conversely, Antofagasta had three overs in four cup home games and Universidad six overs in seven recent league games. These separate samples and unresolved attacking/defensive availability do not support a defensible event estimate."
"astra6","Antofagasta vs Universidad de Chile","1643186","expansion","corners_over_under","over","9.5","1.85","","0","false","blocked","Over 9.5 requires at least ten corners. Universidad's available league records cleared that threshold in 4/7 overall and 2/3 away. They provide no Antofagasta contribution or representative cup context, so those frequencies cannot support a fixture probability. Nine or fewer corners, potentially from reduced attacking pressure, defeats the candidate."
"astra6","Antofagasta vs Universidad de Chile","1643186","expansion","btts","yes","","1.8","","0","false","blocked","BTTS yes requires each team to score during regulation time. Antofagasta's cup home sample had BTTS in 3/4 and Universidad's nominal away sample in 2/4; both teams scored in every match of their respective venue samples. Universidad nevertheless kept two nominal away clean sheets and recorded BTTS in only one of its latest three cup games. Either team failing to score defeats the selection; material personnel uncertainty prevents a defensible estimate."
"luna6","RB Bragantino vs Mirassol","1492392","initial","h2h","home","","1.82","0.44","0.38","false","blocked","El split de temporada favorece al local (6/13 victorias frente a 8/13 derrotas visitantes de Mirassol), pero Bragantino ganó solo 1 de sus últimos 10 partidos de liga y el arquero visitante es duda. Estimo 44%; el empate, la mala forma reciente o la disponibilidad de Walter pueden frustrar el triunfo local."
"luna6","RB Bragantino vs Mirassol","1492392","initial","double_chance","home_or_draw","","1.18","0.74","0.36","false","blocked","Bragantino evitó la derrota en 8/13 partidos de temporada en casa, aunque Mirassol también evitó perder en 5/13 salidas. Estimo 74%; esta opción comparte la tesis local del triunfo h2h y no es una señal independiente. Un empate o triunfo visitante, especialmente si Walter está disponible, la hace fallar."
"luna6","RB Bragantino vs Mirassol","1492392","initial","goals_over_under","under","2.5","2.11","0.5","0.34","false","review-required","En las últimas 10 muestras de liga por equipo, 8/20 partidos superaron 2.5 goles; en las sedes objetivo fueron 4/9. Estimo 50% para dos goles o menos, con cautela por las muestras pequeñas y la duda de Walter. Tres goles o más, en especial si el arquero no juega, hacen fallar la selección."
"luna6","RB Bragantino vs Mirassol","1492392","initial","goals_over_under","under","3.5","1.42","0.65","0.3","false","blocked","Como alternativa de menor varianza, el under 3.5 cubre los partidos con hasta dos goles; estos fueron 12/20 en las muestras recientes de liga. Estimo 65% con incertidumbre porque no se informó cuántos partidos terminaron exactamente con tres goles. Cuatro o más goles, posiblemente facilitados por la duda sobre Walter, lo hacen fallar."
"luna6","RB Bragantino vs Mirassol","1492392","initial","btts","yes","","1.7","0.53","0.31","false","blocked","Ambos marcaron en 14/20 resultados recientes de liga, pero el split reciente fue mixto: 1/4 en casa para Bragantino y 4/5 fuera para Mirassol. Estimo 53% por esa diferencia y porque ambos tienen partidos de temporada sin marcar. Falla si cualquiera queda en cero; la situación de Walter añade incertidumbre."
"luna6","RB Bragantino vs Mirassol","1492392","initial","corners_over_under","over","9.5","1.49","0.6","0.28","false","blocked","El over 9.5 se cumplió en 9/15 partidos de liga con corners FT; en las muestras recientes de sede ocurrió en 2/3 partidos de Bragantino en casa y 3/3 de Mirassol fuera. Estimo 60%, sin ventaja sobre el benchmark de mercado. Nueve corners o menos lo hacen fallar; las seis observaciones de sede son pocas."
"luna6","Internacional vs Corinthians","1492395","initial","h2h","draw","","3.29","0.35","0.58","false","review-required","Estimo 35% ponderando los 5 empates en 14 partidos de Internacional como local y los 5 en 13 de Corinthians visitante, con el reciente 1V-4E-5D y 2V-2E-6D como contexto. El 1-0 previo de Internacional y las bajas reportadas podrían inclinar el resultado hacia un ganador; las alineaciones no estaban confirmadas."
"luna6","Internacional vs Corinthians","1492395","initial","double_chance","draw_or_away","","1.67","0.7","0.57","false","review-required","Estimo 70% para empate o victoria visitante, combinando que Internacional ganó 3/14 en casa con que Corinthians ganó o empató 8/13 fuera. Comparte el escenario de empate con la selección h2h; no es una señal independiente. El triunfo local previo y las bajas de Corinthians podrían invalidarlo."
"luna6","Internacional vs Corinthians","1492395","initial","goals_over_under","over","1.5","1.37","0.7","0.52","false","review-required","Estimo 70%, cercano al registro de más de 1.5 goles en 14/20 marcadores recientes; los promedios de gol en las sedes objetivo fueron 1.1 para cada equipo. La vuelta de Yuri Alberto con minutos limitados y la falta de XI confirmado añaden incertidumbre; el principal riesgo es que el partido termine con 0 o 1 gol."
"luna6","Internacional vs Corinthians","1492395","initial","goals_over_under","under","3.5","1.25","0.85","0.58","false","review-required","Alternativa de menor varianza: estimo 85% bajo 3.5 goles, acorde con solo 3/20 partidos recientes por encima de esa línea y promedios combinados de 2.2–2.3 goles en las sedes objetivo. Un gol temprano o una eficacia inusual podría elevar el total a cuatro o más."
"luna6","Internacional vs Corinthians","1492395","initial","btts","yes","","1.91","0.56","0.55","false","review-required","Estimo 56%: ambos marcaron en 12/20 partidos recientes, y los promedios de gol anotado en casa y fuera fueron 1.1 por equipo. Internacional no anotó en 4/14 partidos de local; si cualquiera vuelve a quedarse sin marcar, falla la selección. Yuri Alberto podría tener minutos limitados y el XI seguía sin confirmar."
"luna6","Internacional vs Corinthians","1492395","initial","corners_over_under","over","8.5","1.52","","0","false","blocked","La muestra total marca más de 8.5 en 13/20 partidos y las cinco observaciones de sede coincidente superaron la línea; estas últimas son solo n=5 e incluyen los totales visitantes atípicos de Corinthians. No asigno una probabilidad para el encuentro."
"luna6","Remo vs Gremio","1492397","initial","h2h","home","","2.39","0.45","0.59","false","review-required","Remo fue 3-5-6 en casa y Grêmio 0-4-10 fuera, lo que inclina modestamente el resultado hacia el local. La estimación de 45% supera el 40.6% justo; la mala forma reciente general de Remo y las bajas reportadas pueden invalidar esa ventaja."
"luna6","Remo vs Gremio","1492397","initial","double_chance","home_or_draw","","1.33","0.73","0.61","false","review-required","Remo evitó la derrota en 8 de 14 partidos de local y Grêmio no ganó ninguno de sus 14 como visitante. Estimo 73% frente al 69.1% justo. Comparte la tesis local del pick h2h, así que no constituye diversificación independiente; falla si Remo vuelve a perder en casa."
"luna6","Remo vs Gremio","1492397","initial","goals_over_under","over","2.5","1.92","0.56","0.58","false","review-required","La muestra reciente combinada tuvo más de 2.5 goles en 13 de 20 partidos; los promedios de goles recibidos de ambos equipos también dejan espacio para que se supere esta línea. Estimo 56% frente al 50.1% justo, moderado por la baja producción visitante. Falla si Grêmio no logra aportar goles y Remo no compensa."
"luna6","Remo vs Gremio","1492397","initial","goals_over_under","under","3.5","1.36","0.76","0.6","false","review-required","En la muestra reciente, solo 4 de 20 partidos superaron los 3.5 goles; esta alternativa más conservadora gana con hasta 3 goles. Estimo 76% frente al 70.5% justo. Una defensa vulnerable o un partido abierto con goles tempranos son los principales escenarios de fallo."
"luna6","Remo vs Gremio","1492397","initial","btts","yes","","1.7","0.54","0.5","false","blocked","Ambos marcaron en 13 de los últimos 20 partidos de liga considerados, pero Grêmio anotó solo 3 goles en sus últimos 5 partidos de liga fuera. Por esa diferencia, estimo 54%, apenas por debajo del 55.1% justo; el pick falla si Grêmio no marca."
"luna6","Remo vs Gremio","1492397","initial","corners_over_under","over","11.5","2.23","0.45","0.38","false","review-required","El total superó 11.5 córners en 9 de 20 partidos, una frecuencia descriptiva del 45% cercana al 43.5% justo. La línea exige al menos 12; la muestra combina liga y copa y es pequeña, por lo que unos pocos partidos con muchos córners no bastan para sostener la ventaja."
"luna6","Vitoria vs Chapecoense-sc","1492399","initial","h2h","home","","1.68","0.54","0.57","false","blocked","Vitória venceu 9/14 jogos em casa e Chapecoense 1/14 fora, mas os registros recentes de liga são fracos para ambos e o primeiro duelo terminou 1-1. Estimo 54% para a vitória local; a falta de confirmação sobre Vitória e a forma recente deixam risco de empate ou derrota. Este pick compartilha a tese direcional do Vitória com home_or_draw."
"luna6","Vitoria vs Chapecoense-sc","1492399","initial","double_chance","home_or_draw","","1.17","0.78","0.58","false","blocked","Vitória evitó perder en 10/14 partidos de liga en casa y Chapecoense en 5/14 como visitante; las muestras recientes de sede son pequeñas y mixtas. Estimo 78% para home_or_draw; una victoria de Chapecoense lo invalida. Comparte la tesis del h2h local, así que no es diversificación independiente."
"luna6","Vitoria vs Chapecoense-sc","1492399","initial","goals_over_under","over","2.5","1.88","0.53","0.53","false","review-required","En los últimos 20 partidos de liga hubo más de 2.5 goles en 11; ocurrió en 4/10 de Vitória y 7/10 de Chapecoense. Los perfiles de temporada de sede son distintos, por eso estimo 53% para esta línea. Un partido cerrado o la falta de gol de Vitória son los principales riesgos."
"luna6","Vitoria vs Chapecoense-sc","1492399","initial","goals_over_under","over","1.5","1.28","0.76","0.54","false","review-required","Como alternativa de menor varianza al over 2.5, más de 1.5 se dio en 16/20 partidos recientes de liga: 7/10 de Vitória y 9/10 de Chapecoense. Estimo 76% para esta línea; un 0-0 o 1-0/0-1 la hace perder. Comparte el mismo escenario de goles que el over 2.5."
"luna6","Vitoria vs Chapecoense-sc","1492399","initial","corners_over_under","under","9.5","2.12","0.47","0.55","false","review-required","En los 14 partidos recientes con conteo disponible, 6/14 quedaron por debajo de 9.5; la muestra pertinente de sede fue 2/8. Como contraste, los registros de temporada externos implican under 9.5 en 64% de los partidos de Vitória en casa y 43% de Chapecoense fuera. Combino esas señales mixtas con cautela y estimo 47%; un partido de ritmo alto y muchas acciones por banda puede superar la línea."
"luna6","Vitoria vs Chapecoense-sc","1492399","initial","btts","no","","1.95","0.49","0.45","false","review-required","BTTS ocurrió en 10/20 partidos recientes, con señales opuestas por sede: 1/5 en los partidos recientes de Vitória en casa y 5/6 de Chapecoense fuera. Estimo 49% para no; el desacuerdo de las muestras y la ausencia de información de Vitória hacen que la ventaja sea prácticamente nula. Un gol visitante elevaría el riesgo de que ambos marquen."
"luna6","Botafogo vs Vasco DA Gama","1492391","initial","h2h","home","","2.7","0.38","0.54","false","review-required","Botafogo ganó 5/14 partidos de liga en casa y Vasco perdió 7/13 fuera, aunque sus registros recientes son irregulares. La estimación de 38% contempla esa ventaja local limitada; los empates y la forma reciente son el principal riesgo. La victoria simple y 1X comparten la dirección favorable a Botafogo."
"luna6","Botafogo vs Vasco DA Gama","1492391","initial","double_chance","home_or_draw","","1.5","0.73","0.62","false","review-required","Botafogo evitó la derrota en 11/14 partidos de liga como local y en 5/6 de sus partidos recientes en casa; Vasco perdió 7/13 como visitante. Estimo 73% para cubrir victoria o empate, con el triunfo visitante como escenario de fallo. Comparte la dirección de la victoria local y no constituye diversificación independiente."
"luna6","Botafogo vs Vasco DA Gama","1492391","initial","goals_over_under","under","3.5","1.41","0.69","0.56","false","review-required","En los últimos 20 partidos de liga hubo 15 con tres goles o menos; en las 11 observaciones recientes de sede objetivo, 8 quedaron por debajo de 3,5. Los promedios de goles totales por sede —3,1 para Botafogo y 2,8 para Vasco— moderan la estimación a 69%. Cuatro goles o más hacen fallar esta línea."
"luna6","Botafogo vs Vasco DA Gama","1492391","initial","btts","yes","","1.62","0.52","0.48","false","blocked","Ambos marcaron en 6/11 muestras recientes de sede objetivo, pero solo en 4/10 partidos recientes de Botafogo y 3/10 de Vasco. Los promedios de goles anotados y recibidos por sede permiten una estimación incierta de 52%; la baja frecuencia reciente de BTTS y las ausencias ofensivas reportadas son riesgos."
"luna6","Botafogo vs Vasco DA Gama","1492391","initial","corners_over_under","over","9.5","1.58","","0","false","blocked","El over 9,5 ocurrió en 4/8 partidos de Serie A previos en las sedes objetivo. Esa muestra pequeña no sostiene una probabilidad fiable para esta línea; 10 o menos córners es el principal escenario de fallo."
"luna6","Cruzeiro vs Sao Paulo","1492393","initial","h2h","home","","1.88","0.55","0.59","false","review-required","Cruzeiro ganó 3 de sus 4 partidos recientes de liga en casa; Sao Paulo no ganó ninguno de sus 4 recientes fuera y su balance de temporada como visitante es 2V-3E-9D. Eso favorece moderadamente la victoria local, aunque la muestra reciente es corta y rivales y disponibilidad pueden cambiar la lectura; un empate o una mejora de Sao Paulo son los principales riesgos."
"luna6","Cruzeiro vs Sao Paulo","1492393","initial","double_chance","home_or_draw","","1.22","0.8","0.62","false","review-required","Cruzeiro evitó la derrota en 11/14 partidos de liga en casa y en 3/4 recientes; Sao Paulo solo evitó perder en 5/14 fuera y en 1/4 recientes. La protección cubre el empate, pero expresa la misma inclinación local que Cruzeiro ganador y no constituye diversificación independiente; una victoria visitante sigue siendo el riesgo."
"luna6","Cruzeiro vs Sao Paulo","1492393","initial","goals_over_under","over","1.5","1.31","0.79","0.58","false","review-required","Más de 1.5 goles ocurrió en 15/20 partidos recientes de liga entre las muestras de ambos equipos; Cruzeiro promedia 1.7 goles en casa y Sao Paulo concede 1.4 fuera. La estimación considera que dos goles bastan para superar esta línea baja. El riesgo principal es que las bajas ofensivas, una defensa visitante mejor de lo esperado o un partido cerrado dejen el total en cero o uno."
"luna6","Cruzeiro vs Sao Paulo","1492393","initial","goals_over_under","under","3.5","1.31","0.77","0.57","false","review-required","El total superó 3.5 en 4/20 partidos recientes de liga de las muestras combinadas; los promedios de temporada por sede suman 2.5 goles por partido. La línea permite hasta tres goles, por lo que ofrece una alternativa conservadora al over 1.5; ambas selecciones se solapan en el rango de dos o tres goles y no son apuestas independientes. Un partido abierto con cuatro o más goles la hace fallar."
"luna6","Cruzeiro vs Sao Paulo","1492393","initial","btts","yes","","1.8","0.53","0.46","false","review-required","Ambos marcaron en 14/20 partidos recientes combinados; Cruzeiro no anotó en 2/14 partidos de liga en casa, mientras Sao Paulo no anotó en 5/14 fuera. Esa combinación deja una posibilidad razonable de gol de ambos, pero las ausencias reportadas para Sao Paulo y la ventaja apenas marginal sobre el benchmark impiden promoverla. Si Sao Paulo no convierte, la selección falla."
"luna6","Cruzeiro vs Sao Paulo","1492393","initial","corners_over_under","over","8.5","1.51","","0","false","blocked","Los cuatro partidos de Serie A en el venue objetivo sumaron 9, 6, 15 y 10 corners; tres superaron 8.5. Ese registro es pertinente a la línea, pero n=4 no permite una probabilidad defendible. El partido puede producir pocos corners aunque la muestra breve favorezca el over."
"luna6","Jordan W vs Armenia W","1638733","initial","h2h","home","","1.53","","0","false","blocked","Jordan W ganó sus dos amistosos disponibles en casa, pero la muestra es mínima y no hay resultados de Armenia W. El conflicto de fecha impide confirmar que esos datos correspondan al fixture evaluado; el pick queda bloqueado. Fallaría si Jordan no gana."
"luna6","Jordan W vs Armenia W","1638733","initial","double_chance","home_or_draw","","1.17","","0","false","blocked","La opción cubre victoria o empate de Jordan; sus dos resultados disponibles fueron victorias en casa, aunque la muestra no incluye a Armenia W. Comparte la tesis direccional del pick h2h Jordan y no constituye diversificación independiente. La fecha discrepante y la escasez de datos impiden estimar probabilidad; perdería si Armenia gana."
"luna6","Jordan W vs Armenia W","1638733","initial","goals_over_under","over","2.5","1.7","","0","false","blocked","La línea requiere al menos tres goles; los dos amistosos disponibles de Jordan W tuvieron siete y un gol total, así que el over ocurrió en uno de dos. No hay muestra de Armenia W y la discrepancia de fecha bloquea aplicar ese historial al fixture. Fallaría con dos goles o menos."
"luna6","Mladá Boleslav II vs Varnsdorf","1562767","initial","h2h","home","","1.95","0.45","0.35","false","blocked","Estimación cauta para victoria local: Mladá suma 2V-0E-2D en casa y Varnsdorf 1V-1E-1D fuera, sin una ventaja clara en estos recortes. El principal riesgo es la muestra corta y la disponibilidad sin confirmar, especialmente por tratarse de un equipo B."
"luna6","Mladá Boleslav II vs Varnsdorf","1562767","initial","double_chance","draw_or_away","","1.7","0.5","0.34","false","blocked","La selección cubre empate o victoria de Varnsdorf, que ocurrió en 2/3 de sus partidos fuera; Mladá Boleslav II ganó 2/4 en casa, así que el recorte no respalda una ventaja visitante firme. Esta lectura se solapa parcialmente con el h2h y puede fallar si prevalece el rendimiento local."
"luna6","Mladá Boleslav II vs Varnsdorf","1562767","initial","goals_over_under","over","2.5","1.57","0.66","0.48","false","review-required","Estimación heurística cauta para más de 2.5 goles: hubo al menos 3 goles en 4/4 partidos recientes de local de Mladá y 3/3 salidas de Varnsdorf; los promedios de liga por sede también muestran producción y concesión de goles. La muestra es corta y una rotación o regresión goleadora puede dejar el total en 2 o menos."
"luna6","Gnistan vs Inter Turku","1638101","initial","h2h","away","","1.94","0.52","0.4","false","review-required","Inter ganó 7 de 13 partidos ligueros fuera y recibió 12 goles; Gnistan ganó 6 de 13 en casa y recibió 19. La forma reciente es parecida y Gnistan ganó los dos duelos de liga entre ambos en 2026, así que la estimación visitante es apenas superior al fair del mercado. Esas dos derrotas previas de Inter y su disponibilidad sin verificar son riesgos principales."
"luna6","Gnistan vs Inter Turku","1638101","initial","double_chance","draw_or_away","","1.2","0.78","0.4","false","review-required","Inter evitó la derrota en 11 de 13 salidas de liga y Gnistan perdió 3 de 13 partidos en casa; las muestras recientes también muestran pocos tropiezos de ambos, aunque con varios empates de Gnistan. La estimación supera por poco el fair de esta protección. Se solapa con la selección visitante h2h y no representa una tesis independiente; los dos triunfos previos de Gnistan y la disponibilidad desconocida de Inter son riesgos."
"luna6","Gnistan vs Inter Turku","1638101","initial","goals_over_under","under","3.5","1.42","0.7","0.46","false","review-required","En sus últimos 10 partidos de liga, los totales quedaron bajo 3.5 en 7/10 de Gnistan y 9/10 de Inter; Inter recibió 12 goles en 13 salidas de temporada. La línea permite hasta tres goles, pero el promedio de goles totales de Gnistan en casa fue 3.3 y su muestra reciente es más abierta, por eso la estimación es cautelosa. Un partido de cuatro o más goles la hace fallar."
"luna6","Gnistan vs Inter Turku","1638101","initial","corners_over_under","under","9.5","1.91","","0","false","blocked","En los tres partidos ligueros disponibles de Gnistan, dos superaron 9.5; en las tres salidas ligueras disponibles de Inter, ninguno lo superó. La muestra es demasiado pequeña y contradictoria para estimar esta línea con rigor, así que queda como candidato bloqueado sin probabilidad."
"luna6","Gnistan vs Inter Turku","1638101","initial","btts","no","","2.1","0.47","0.34","false","review-required","BTTS ocurrió en 7/10 partidos ligueros recientes de Gnistan, frente a 3/10 de Inter; la diferencia respalda solo una inclinación leve hacia el no, cercana al fair del mercado. La señal favorable al sí de Gnistan, más su baja tasa de partidos sin marcar en casa, es el principal riesgo de esta estimación."
"luna6","America Mineiro vs Fortaleza EC","1520910","expansion","h2h","away","","1.85","0.48","0.45","false","blocked","La forma reciente favorece a Fortaleza: 4V-6E-0D en sus últimos 10 y 3V-1E-0D en sus últimas cuatro salidas; América hizo 2V-0E-3D en sus últimos cinco partidos en casa. La temporada completa y el 3-0 de América en el antecedente directo moderan esa señal. Estimo 48%; falla si se repite la superioridad local del antecedente o América mejora su rendimiento en casa."
"luna6","America Mineiro vs Fortaleza EC","1520910","expansion","double_chance","draw_or_away","","1.2","0.78","0.53","false","review-required","Fortaleza no perdió en sus últimos 10 partidos de liga y evitó la derrota en sus cuatro salidas recientes; América registra 3V-3E-9D como local en la temporada. X2 protege el empate además del triunfo visitante. Comparte la tesis direccional del triunfo visitante del pick h2h y no es diversificación independiente. Falla si América gana en casa."
"luna6","America Mineiro vs Fortaleza EC","1520910","expansion","goals_over_under","under","2.5","1.81","0.61","0.54","false","review-required","En las dos muestras recientes no solapadas, 7/20 partidos llegaron a tres o más goles; en los cortes recientes por sede, 6/9 terminaron con dos goles o menos. La estimación del 61% es prudente frente a esos datos descriptivos. Falla si el partido supera el ritmo de gol sugerido por las muestras, en especial si América aprovecha su defensa local de 1.4 goles recibidos por partido."
"luna6","America Mineiro vs Fortaleza EC","1520910","expansion","goals_over_under","under","3.5","1.28","0.79","0.52","false","review-required","Es la alternativa de menor varianza al under 2.5: 17/20 partidos recientes tuvieron tres goles o menos y 8/9 en los cortes recientes por sede quedaron por debajo de cuatro. La estimación del 79% descuenta incertidumbre de muestra y alineación. Falla con cuatro o más goles, escenario observado en tres de esos 20 partidos."
"luna6","America Mineiro vs Fortaleza EC","1520910","expansion","btts","no","","1.83","0.53","0.4","false","review-required","BTTS ocurrió en 9/20 partidos recientes; los registros fueron 3/10 para América y 6/10 para Fortaleza. Eso deja una inclinación leve a que no marquen ambos, no una señal firme. Falla si Fortaleza mantiene su frecuencia reciente de partidos con ambos equipos anotando."
"luna6","America Mineiro vs Fortaleza EC","1520910","expansion","corners_over_under","under","10.5","1.73","0.56","0.38","false","review-required","Para esta línea, 11/20 partidos recientes sumaron 10 corners o menos; en los cortes recientes de sede ocurrió en 6/9. La ventaja estimada es pequeña y los splits por sede son reducidos. Falla si el partido genera volumen alto de corners, como en los registros recientes de América que sumaron 14 y 15."
"luna6","Avai vs Londrina","1520911","expansion","h2h","home","","2.15","0.42","0.47","false","blocked","Avaí fue 5-4-6 en casa y Londrina 3-2-10 fuera, pero sus últimos 10 fueron 3-1-6 y 2-2-6. Las bajas de Penha, autor de 10 goles, y Vizeu moderan la ventaja local; estimo 42% frente a 44.0% justo. El pick falla si Avaí no reemplaza su producción ofensiva. No hay historial directo entre ambos."
"luna6","Avai vs Londrina","1520911","expansion","double_chance","home_or_draw","","1.28","0.69","0.46","false","blocked","Avaí no perdió 9/15 en casa y Londrina 5/15 fuera; en los cuatro partidos recientes de cada uno con esa sede, las cifras fueron 2/4 y 1/4. Estimo 69% frente a 73.3% justo. Se solapa con la victoria local h2h y no representa una tesis independiente; falla si Londrina gana fuera."
"luna6","Avai vs Londrina","1520911","expansion","goals_over_under","over","1.5","1.4","0.7","0.52","false","review-required","Más de 1.5 goles ocurrió en 7/10 partidos recientes de Avaí y 8/10 de Londrina, y en 6/8 recientes con la sede objetivo. Estimo 70% frente a 67.8% justo, rebajado por las suspensiones de Penha y Vizeu. Falla si las bajas reducen el partido a cero o un gol."
"luna6","Avai vs Londrina","1520911","expansion","goals_over_under","under","3.5","1.23","0.8","0.59","false","review-required","Más de 3.5 ocurrió en 1/10 partidos recientes de cada equipo, así que la frecuencia descriptiva de menos de 3.5 fue 9/10 para ambos. Estimo 80% frente a 77.0% justo, moderado por muestras limitadas y las ausencias ofensivas de Avaí; Londrina, sin embargo, concede 1.7 goles por partido fuera. Falla si el encuentro se abre y llega a cuatro goles."
"luna6","Avai vs Londrina","1520911","expansion","btts","yes","","1.83","0.52","0.43","false","review-required","Ambos marcaron en 5/10 partidos recientes de cada equipo y en 5/8 con la sede objetivo; Londrina no tuvo porterías a cero en sus 15 partidos fuera. Estimo 52% frente a 48.7% justo, reduciendo la señal por las bajas de Penha y Vizeu. Falla si Avaí no logra marcar."
"luna6","Avai vs Londrina","1520911","expansion","corners_over_under","under","10.5","1.73","0.6","0.28","false","review-required","El conteo de los siete partidos listados de Avaí en casa y Londrina fuera da 3/7 sobre 10.5 y 4/7 debajo; el resumen de investigación dice 2/7 sobre, una discrepancia que impide promocionar. La estimación débil de 60% también considera que en la muestra ampliada hubo 5/20 sobre 10.5. Falla si el ritmo del partido genera 11 o más córners."
"luna6","Operario-PR vs Botafogo SP","1520916","expansion","h2h","home","","1.91","0.49","0.58","false","review-required","La ventaja local descriptiva (7G-5E-3P en casa frente a 3G-5E-7P de Botafogo SP fuera) y la forma reciente inclinan levemente hacia Operário; estimo 49% para esta victoria simple, sin ajuste por fuerza de rivales. Un empate, una mejoría de la defensa visitante o la incertidumbre sobre Wallace pueden invalidarla."
"luna6","Operario-PR vs Botafogo SP","1520916","expansion","double_chance","home_or_draw","","1.28","0.78","0.59","false","review-required","Operário evitó la derrota en 12/15 partidos de casa de liga, frente a 8/15 de Botafogo SP fuera; estimo 78% para cubrir victoria o empate. Comparte la tesis local del h2h y no es diversificación independiente. Una victoria visitante, especialmente si Operário no convierte sus ocasiones, hace fallar la selección."
"luna6","Operario-PR vs Botafogo SP","1520916","expansion","goals_over_under","over","1.5","1.36","0.72","0.58","false","review-required","Más de 1.5 goles ocurrió en 8/10 partidos recientes de Operário y 7/10 de Botafogo SP; los promedios local/visitante también apuntan a alrededor de dos goles. Estimo 72% para superar esta línea baja. Las ausencias de ataque de Operário pueden reducir la producción y dejar el total en cero o uno."
"luna6","Operario-PR vs Botafogo SP","1520916","expansion","goals_over_under","under","3.5","1.26","0.78","0.56","false","review-required","La línea conservadora de menos de 3.5 se apoya en que solo 2/10 partidos recientes de cada equipo superaron 3.5 goles; estimo 78% para no llegar a cuatro. Está correlacionada con el over 1.5 incluido arriba: ambas cubren principalmente un total de dos o tres. Un partido abierto o los problemas defensivos visitantes pueden llevar el total a cuatro o más."
"luna6","Operario-PR vs Botafogo SP","1520916","expansion","corners_over_under","over","10.5","1.83","0.54","0.63","false","review-required","En 10 partidos recientes por equipo, el over 10.5 ocurrió en 5/10 de Operário y 6/10 de Botafogo SP; por sede ocurrió en 2/3 de Operário en casa y 2/4 de Botafogo fuera. Estimo 54%, una inclinación modesta sobre el umbral, reducida por la variabilidad y las pocas observaciones por sede. Se pierde con 10 corners o menos."
"luna6","Operario-PR vs Botafogo SP","1520916","expansion","btts","no","","1.8","0.53","0.54","false","review-required","BTTS sí ocurrió en 5/10 partidos recientes de cada equipo y en solo 2/4 recientes de Operário en casa y 1/4 de Botafogo SP fuera; Botafogo anotó 0.6 goles por partido como visitante en la temporada. Estimo 53% para que no marquen ambos, con confianza baja por las muestras cortas. La ausencia defensiva visitante podría permitir que Operário anote y la selección falle."
"luna6","Gosport Borough vs Poole Town","1597397","expansion","h2h","away","","2.32","0.4","0.37","false","blocked","Poole llega con 6-0-3 en liga y 4-0-1 fuera; Gosport tiene 3-3-3 y 2-2-1 en casa. La muestra corta y la ventaja local mantienen la estimación cerca del fair del mercado. La selección falla si pesa más el registro local de Gosport o hay bajas no verificadas."
"luna6","Gosport Borough vs Poole Town","1597397","expansion","double_chance","draw_or_away","","1.4","0.64","0.35","false","blocked","Poole no perdió 4/5 visitas y Gosport no ganó 3/5 partidos en casa; con esas muestras limitadas, estimo 64% para empate o visita. Comparte la tesis de Poole ganador del h2h y no representa diversificación independiente; falla si Gosport convierte su ventaja local en victoria."
"luna6","Gosport Borough vs Poole Town","1597397","expansion","goals_over_under","under","2.5","2.15","0.48","0.31","false","review-required","En los 18 partidos de liga descritos, 10 terminaron con menos de 2.5 goles; el promedio agregado fue 47 goles en 18 partidos. Las tasas de Gosport en casa y Poole fuera sugieren un total más cercano a 3, así que la estimación queda cerca del 50%. Falla si predominan esas tasas de anotación por sede."
"luna6","Gosport Borough vs Poole Town","1597397","expansion","goals_over_under","under","3.5","1.39","0.7","0.38","false","review-required","Como alternativa de menor varianza al under 2.5, 13/18 marcadores recientes descritos tuvieron 3 goles o menos. Estimo 70% para esta línea, con cautela porque las medias local/visita proyectan un total cercano a 3. Falla si el partido supera ese nivel y alcanza 4 goles."
"luna6","Gosport Borough vs Poole Town","1597397","expansion","corners_over_under","over","8.5","1.83","","0","false","blocked","La cuota disponible es para más de 8.5, pero no hay conteos FT utilizables de corners para Gosport ni Poole. No se puede estimar esta selección ni elegir una dirección con la evidencia suministrada."
"luna6","Fagiano Okayama vs JEF United Chiba","1635588","expansion","h2h","home","","1.76","","0","false","blocked","The quote is for Okayama as the listed home side. The supplied records show mixed form and one Cup win for Okayama; the official recent 1-2 win over Chiba is relevant but missing from both recent-ten lists. Club pages reverse the displayed order, and the Cup is treated as neutral despite the stadium location. Rotation and incomplete result coverage prevent estimating this exact home-win outcome; failure scenario includes a rotated side changing the balance."
"luna6","Fagiano Okayama vs JEF United Chiba","1635588","expansion","double_chance","home_or_draw","","1.14","","0","false","blocked","This protected result quote covers the same Okayama direction as the home-win candidate, with a draw also covered; it is not independent diversification. The 1.14 price has raw implied probability above its supplied fair benchmark, and the result histories are incomplete and mixed, so there is no defensible estimate of this exact home-or-draw event or positive edge. Rotation or a draw remains a failure scenario for the home-win thesis."
"luna6","Fagiano Okayama vs JEF United Chiba","1635588","expansion","goals_over_under","over","1.5","1.31","","0","false","blocked","The supplied rows recorded over 1.5 in 10/10 Okayama and 8/10 Chiba matches, and their prior Cup scores were 3-0 and 0-0. Those are mixed-competition descriptions, not a forecast; the missing official 1-2 result also exceeds this line but does not repair the incomplete samples. A rotated Cup lineup could produce a lower-scoring match, so no probability is assigned to this exact line."
"luna6","Fagiano Okayama vs JEF United Chiba","1635588","expansion","btts","yes","","1.95","","0","false","blocked","BTTS yes occurred in 6/10 supplied Okayama rows and 4/10 Chiba rows; the official omitted direct result was also yes, while each team's single supplied Cup match was no. These conflicting, incomplete samples and uncertain Cup selections do not support a probability for BTTS yes; either team's attack failing to score is the main failure scenario."
"luna6","Coquimbo Unido vs Cobreloa","1638395","expansion","h2h","home","","1.67","0.62","0.57","false","review-required","Coquimbo ganó 2 de 3 partidos de Copa Chile en casa y Cobreloa no ganó en sus 3 salidas; Coquimbo también ganó la ida 2-1. Eso favorece la victoria local, aunque las muestras son cortas y la revancha podría desarrollarse de otra manera."
"luna6","Coquimbo Unido vs Cobreloa","1638395","expansion","double_chance","home_or_draw","","1.18","0.84","0.59","false","review-required","Coquimbo no perdió sus 3 partidos de Copa Chile como local y Cobreloa no ganó en sus 3 salidas; la ida también fue para Coquimbo. Esta opción protegida se solapa con la victoria local anterior y no es una diversificación independiente; falla si Cobreloa gana."
"luna6","Coquimbo Unido vs Cobreloa","1638395","expansion","goals_over_under","over","2.5","1.98","0.58","0.54","false","review-required","El over 2.5 ocurrió en 4 de 6 partidos distintos de Copa Chile al cruzar Coquimbo local y Cobreloa visitante; Cobreloa visitante tuvo over en 3 de 3, aunque Coquimbo local solo en 1 de 3. La muestra pequeña y la diferencia entre splits dejan riesgo de quedarse en 2 goles."
"luna6","Coquimbo Unido vs Cobreloa","1638395","expansion","goals_over_under","over","1.5","1.32","0.81","0.58","false","review-required","Como alternativa de menor varianza, hubo más de 1.5 goles en 5 de los mismos 6 partidos; Coquimbo marcó en sus 3 encuentros de local y Cobreloa en sus 3 salidas. La lectura falla si el partido se cierra y termina con 0 o 1 gol."
"luna6","Coquimbo Unido vs Cobreloa","1638395","expansion","btts","yes","","1.83","0.53","0.43","false","review-required","Ambos marcaron en 4 de 6 partidos distintos por sede, pero el split de Coquimbo local fue 1/3 frente a 3/3 de Cobreloa visitante. La estimación es apenas superior al benchmark y queda sin promoción por la muestra corta y contradictoria; falla si Coquimbo no marca."
"luna6","Coquimbo Unido vs Cobreloa","1638395","expansion","corners_over_under","over","9.5","1.8","","0","false","blocked","Coquimbo superó 9.5 córners en 4 de 7 partidos disponibles, pero los datos son parciales, de otras competiciones y no incluyen a Cobreloa; no permiten estimar de forma defendible el total del encuentro."
"luna6","Antofagasta vs Universidad de Chile","1643186","expansion","h2h","home","","4.2","0.32","0.43","false","review-required","Antofagasta ganó sus cuatro partidos de Copa Chile en casa y llega con registro total 6-2-0; U. de Chile ganó tres de cuatro como visitante. La ausencia confirmada de Aránguiz inclina modestamente la estimación local, aunque la posible baja de Leyton y la muestra pequeña la limitan. Falla si prevalece la ventaja de plantel visitante."
"luna6","Antofagasta vs Universidad de Chile","1643186","expansion","double_chance","home_or_away","","1.25","0.76","0.46","false","review-required","En los splits de sede, Antofagasta ganó 4/4 y U. de Chile ganó 3/4 y empató uno; siete de esos ocho registros no terminaron en empate. La estimación contempla la posibilidad de empate, que es el principal riesgo. Esta selección comparte el resultado local con el pick h2h y no constituye una apuesta independiente."
"luna6","Antofagasta vs Universidad de Chile","1643186","expansion","goals_over_under","under","2.5","1.88","0.55","0.48","false","review-required","En Copa Chile hubo tres goles o más en 4/8 partidos de Antofagasta y 3/8 de U. de Chile; el complemento respalda modestamente el under 2.5. La ausencia de Aránguiz y la probable baja de Leyton añaden incertidumbre sobre el ataque. Falla si el partido supera dos goles."
"luna6","Antofagasta vs Universidad de Chile","1643186","expansion","btts","yes","","1.8","0.53","0.4","false","review-required","Ambos marcaron en 5/8 partidos de Copa Chile de Antofagasta y 4/8 de U. de Chile. La estimación modera esa frecuencia por la ausencia confirmada de Aránguiz y la posible baja de Leyton; el edge frente al benchmark justo es mínimo. Falla si uno de los equipos no anota."
"luna6","Antofagasta vs Universidad de Chile","1643186","expansion","corners_over_under","over","9.5","1.85","","0","false","blocked","U. de Chile superó 9.5 córners en 5/7 registros, incluidos 2/3 como visitante; no hay conteos de Antofagasta y todos los datos disponibles son de Primera División. La evidencia no permite estimar con solidez el total del partido."
